Decision Tree,Gradient Boosting,Linear SVM,Random Forest,SGDClassifier,Voted,id,original toxicity,zcomment
0.0,0.0,0.0,0.0,0.0,0.0,176298263.0,0.0,nguyn dynasti stop massiv remov on the page nguyn dynasti you blank too much others' edit
0.0,0.0,0.0,0.0,0.0,0.0,640553945.0,0.0,to user talk page clear
0.0,0.0,0.0,0.0,0.0,0.0,438694277.0,-1.0,do so sexual with me
0.0,0.0,0.0,0.0,0.0,0.0,147640755.0,0.0,ll fix eventu if you don't
0.0,0.0,0.0,0.0,0.0,0.0,8078390.0,0.0,the person who ad the section is extrem stubborn he start a revert war when anyon touch hi write look at the edit histori he feel that anyth but the blatant proseparatist bia is a supress of hi free speech the articl is rel obscur thu there is not enough peer pressur to remov the propaganda if you edit or remov the pov materi i will support you in case he revert again
0.0,0.0,0.0,0.0,0.0,0.0,47116510.0,0.0,remov merg  april
0.0,0.0,0.0,0.0,0.0,0.0,330296909.0,0.0,the lord of the ring
0.0,0.0,0.0,0.0,0.0,0.0,248032064.0,0.0,lead by ashley nichol
0.0,0.0,0.0,0.0,0.0,0.0,276416148.0,0.0,redirect talkghost marriag chines
0.0,0.0,0.0,0.0,0.0,0.0,384020349.0,0.0,not blank mere chang the way the articl is written it' not a plan cast it' a confirm cast
0.0,0.0,0.0,0.0,0.0,0.0,438085401.0,0.0,sound more like you were insinu
0.0,0.0,0.0,0.0,0.0,0.0,697514711.0,0.0,stylescurr onli vs both vs none
0.0,0.0,0.0,0.0,0.0,0.0,405385133.0,0.0,edit request from prakashkitti januari
0.0,0.0,0.0,0.0,0.0,0.0,93059698.0,0.0,the internet beatl album
0.0,0.0,0.0,0.0,0.0,0.0,62664984.0,0.0,updat check the tech talk page for my demand i remain the mask flag of freedom
0.0,0.0,0.0,0.0,0.0,0.0,243580345.0,0.0,octob    with the
0.0,0.0,0.0,0.0,0.0,0.0,474524109.0,0.0,old afd multipagelist of san francisco ballet repertoryd januari resultkeep
0.0,0.0,0.0,0.0,0.0,0.0,31738584.0,0.0,decemb
0.0,0.0,0.0,0.0,0.0,0.0,135713479.0,0.0,classstartimportancemidneedsinfoboxnoinfonot much here with one possibl refer movevictorian colleg for the deaf melbourn victoria
0.0,0.0,0.0,0.0,0.0,0.0,508641584.0,0.0,hyperlink remov
0.0,0.0,0.0,0.0,0.0,0.0,508684922.0,0.0,what i don't even realli have an idea of what you'r talk about
0.0,0.0,0.0,0.0,0.0,0.0,213628672.0,0.0,tomorrow i promis p
0.0,0.0,0.0,0.0,0.0,0.0,251089242.0,0.0,redirect talkguillermo garca lpez
0.0,0.0,0.0,0.0,0.0,0.0,77010506.0,0.0,do you no as long as you cant prove it
0.0,0.0,0.0,0.0,0.0,0.0,291925926.0,0.0,may  stop
-1.0,-1.0,0.0,-1.0,-1.0,-1.0,475723825.0,-1.0,said to me shitstir troll fuck off moron on wpani is that also a breach of civil civil ye i am sorri but i don't think i'v been adequ uncivil here or do you mean i have to be sycophant barri
0.0,0.0,0.0,0.0,0.0,0.0,666401964.0,0.0,redirect talkcornelia van auken chapin
0.0,0.0,0.0,0.0,0.0,0.0,161553171.0,0.0,question when wa mike allr born
0.0,0.0,0.0,0.0,0.0,0.0,635528789.0,0.0,gonna do about it yeahe yeah yeahe shake it yeahe yeahe yeah
0.0,0.0,0.0,0.0,0.0,0.0,365725676.0,1.0,hello good work on thi articl i'v been on a small mission to tri and promot rugbi articl to the main page so i'v nomin it for dyk you might want to keep an eye on it in case ani queri come up keep up the good work
0.0,0.0,0.0,0.0,0.0,0.0,345589300.0,-1.0,wikipedia' new busi pimp slut like stop that now
0.0,0.0,0.0,0.0,0.0,0.0,79092534.0,0.0,and accur articl on a controversi subject then it should not produc
0.0,0.0,0.0,0.0,0.0,0.0,695437195.0,0.0,the second exampl in your sandbox is what i wa think and it doesn't take up that much extra space
0.0,0.0,0.0,0.0,0.0,0.0,392175916.0,0.0,agha sumair khan babar
0.0,0.0,0.0,0.0,0.0,0.0,241967652.0,0.0,all link to wplead
0.0,0.0,0.0,0.0,0.0,0.0,45098836.0,0.0,bluerain march
0.0,0.0,0.0,0.0,0.0,0.0,25351161.0,0.0,octob
1.0,1.0,0.0,1.0,1.0,1.0,140146510.0,1.0,one sentenc is undu weight pleas review wikipiedia' pillar concern good faith and neutral thank
0.0,0.0,0.0,0.0,0.0,0.0,81145010.0,0.0,is deelishi gonna lose  there is also a rummor that deelishi may have lost accord to a comment she made on bet black carpent say she wa veri singl and that ir wa a pleasur meet flavor flav check out httpwwwvhcominteractboardsmainjhtmlflavorofloveviewthreadtidmidoffsetindex
0.0,0.0,0.0,0.0,0.0,0.0,174781922.0,0.0,ok don't put on a fabric anymor
0.0,0.0,0.0,0.0,0.0,0.0,468614340.0,0.0,i haven't encount ani issu with the site
0.0,0.0,0.0,0.0,0.0,0.0,539731871.0,0.0,it' alreadi in the articl
0.0,0.0,0.0,0.0,0.0,0.0,61362419.0,0.0,'''bold text headlin text mediaexampleogginsert nonformat text here  redirect insert textbold text
0.0,0.0,0.0,0.0,0.0,0.0,550110353.0,0.0,pembrok pine
-1.0,-1.0,0.0,-1.0,-1.0,-1.0,227223032.0,-1.0,tell that crap to amib will ya
0.0,0.0,0.0,0.0,0.0,0.0,315271406.0,0.0,lista unit state senat elect in delawar
1.0,1.0,0.0,0.0,0.0,0.0,47553772.0,1.0,toc  styleborderspacingpxmarginpx px width classmainpagebg stylewidth borderpx solid backgroundcolorffffa verticalaligntopcolorfonts  width cellpad cellspac styleverticalaligntop backgroundcolorffffa  hello welcom to wikipedia thank you for sign up here are some recommend guidelin to facilit your involv best of luck have fun  styleborderspacingpxmarginpx px width classmainpagebg stylewidth borderpx solid ffffff backgroundcolorffffa verticalaligntop width cellpad cellspac styleverticalaligntop backgroundcolorffffa get start stylecolor wikipedia tutori how to edit a page the five pillar of wikipedia manual of style be bold in edit how to write a great articl  get your info out there  stylecolor cite your sourc neutral point of view point of view verifi upload imag imag use polici  get more wikipedia rule  stylecolor polici librari  classmainpagebg stylewidth borderpx solid ffffff backgroundcolorffffa verticalaligntop width cellpad cellspac styleverticalaligntop backgroundcolorffffa get help stylecolor where to ask a question help desk  get along stylecolor wikiquett civil sign your post conflict resolut  get technic stylecolor  page need attent peer review util villag pump
0.0,0.0,0.0,0.0,0.0,0.0,238873864.0,0.0,redirect talkpillow talk film
0.0,0.0,0.0,0.0,0.0,0.0,531482380.0,0.0,japanes link  httpwwwatwikijpgballpageshtml httpwwwatwikijpgballpageshtml httpwwwatwikijpfamicomallpageshtml httpwwwatwikijpgballpageshtml
0.0,0.0,0.0,0.0,0.0,0.0,131874772.0,0.0,for the actual movi
0.0,0.0,0.0,0.0,0.0,0.0,11190804.0,0.0,i have creat a request for comment against pleas see wikipediarequest for commentmichaelm
0.0,0.0,0.0,0.0,0.0,0.0,35548600.0,0.0,address of proxi server
0.0,0.0,0.0,0.0,0.0,0.0,276298871.0,0.0,uh hugh go tell that to africa
0.0,0.0,0.0,0.0,0.0,0.0,136386658.0,0.0,june signatur ad by
0.0,0.0,0.0,0.0,0.0,0.0,120012661.0,0.0,slunn pm rd april
0.0,0.0,0.0,0.0,0.0,0.0,10065275.0,0.0,feb
0.0,0.0,0.0,0.0,0.0,0.0,478635090.0,0.0,right so where' the block for the peopl who fals accus me of vandal
0.0,0.0,0.0,0.0,0.0,0.0,165111828.0,0.0,one possibl solut mayb could
0.0,0.0,0.0,0.0,0.0,0.0,185301438.0,0.0,redirect talkjenni wade actress
0.0,0.0,0.0,0.0,0.0,0.0,66182383.0,0.0,juli  keep
0.0,0.0,0.0,0.0,0.0,0.0,96483965.0,0.0,save the world with jesu christ
0.0,0.0,0.0,0.0,0.0,0.0,306181772.0,0.0,redirect talknd street jackson height irt flush line
0.0,0.0,0.0,0.0,0.0,0.0,474463133.0,0.0,thi is not a blp and even
0.0,0.0,0.0,0.0,0.0,0.0,409237554.0,0.0,decemb   and done
0.0,0.0,0.0,0.0,0.0,0.0,449113208.0,0.0,here the link from the offici site of lse httpwwwlondonstockexchangecomabouttheexchangemediarelationspressreleasesborsaitalianaandlondonstockexchangegrouptomergehtm
0.0,0.0,0.0,0.0,0.0,0.0,181435676.0,0.0,leav a new messag
-1.0,-1.0,0.0,0.0,1.0,-1.0,67477170.0,-1.0,horribl curs us        christian as lyra also write and from that draw the        conclus that they must not be the peopl of god                               now behold what a nice thick fat lie it is when they        complain about be captiv among us jerusalem wa        destroy more than year ago dure that time we        christian have been tortur and persecut by the jew in all        the world on top of that we do not know to thi day what        devil brought them into our countri we did not fetch them        from jerusalem ye we have and hold them captiv as i        would like to keep my rheumat and all other diseas and        misfortun who must wait as a poor servant with money and        properti and everyth i have i wish they were in hell        with the other jew and whomsoev they would like to have        with them
0.0,0.0,0.0,0.0,0.0,0.0,462285098.0,0.0,redirect talkdown grove main street metra
0.0,0.0,0.0,0.0,0.0,0.0,272558053.0,0.0,httpwwwwebcitationorgemmeh
0.0,0.0,0.0,0.0,0.0,0.0,454254856.0,0.0,fwiw itn 'debates' never actual stop wpccc
0.0,0.0,0.0,0.0,0.0,0.0,431168270.0,0.0,edit count
0.0,0.0,0.0,0.0,0.0,0.0,259846364.0,0.0,abov line is gener by substcopyviourl
0.0,0.0,0.0,0.0,0.0,0.0,622876462.0,0.0,redirect talkbhuvanaikabahu vii of kott
0.0,0.0,0.0,0.0,0.0,0.0,423830187.0,0.0,he use a song call warm it up kane in the begin by rapper big daddi kane from hi it' a big daddi thing album
0.0,0.0,0.0,0.0,0.0,0.0,150791366.0,0.0,don't bother tri to reason with whomev insist on chang it back appar hesh ha no clue about how the post offic work for the code
0.0,0.0,0.0,0.0,0.0,0.0,304406599.0,0.0,preced unsign comment ad by  specialcontributionskingofrock
0.0,0.0,0.0,0.0,0.0,0.0,606254234.0,0.0,aliz is from youtub start in
0.0,0.0,0.0,0.0,0.0,0.0,518695958.0,0.0,i correct so that cnet read in correct case and that both refer to extremetech' editor is refer as anthoni rather than full name in first for consist sake as far as recal suggest by sever media outlet that need to be the word of the refer cite as far as i can tell the refer cite for that particular sentenc onli show that it onli the opinion of anthoni to suggest recal my edit is base on what i can locat in the refer preval also not abl to locat
0.0,0.0,0.0,0.0,0.0,0.0,20229553.0,0.0,entri do american pro wrestler and band count as faou peopl
0.0,0.0,0.0,0.0,0.0,0.0,65956492.0,0.0,did you take it there
0.0,0.0,0.0,0.0,0.0,0.0,64714856.0,0.0,the one the bottom of the section for the one is an opinion wikipedia is not a place for opinion
0.0,0.0,0.0,0.0,0.0,0.0,665243709.0,0.0,xeno newnam  datestamp
0.0,0.0,0.0,0.0,0.0,0.0,426965889.0,0.0,i don't whi not just link the diff
0.0,0.0,0.0,0.0,0.0,0.0,106941935.0,0.0,valentine' day coupl alpahbet order by last name altieri anthoni allyson fetzer benedetto david ronald varn cribben evan ching shin shoo delong andrew joel teal fetzer allison mitch muir gill jefferi mari j wana hartzel timothi laura levitt ichikawa shizuyo nathaniel humphrey karnuth gregori micheal kohler laslo erica daniel leek maddamma jame denni leek pellegrini jordan kati barton qin simon shizuyo ichikawa raresheid kara brian rasil schaub megan john ruth schilstra keith dylan rossett sich anna homer richard teal joel nichola sincer uitto matthew vid e ojuego
0.0,0.0,0.0,0.0,0.0,0.0,99218400.0,0.0,it veri slow if you notic
0.0,0.0,0.0,0.0,0.0,0.0,40737373.0,0.0,that ban me
0.0,0.0,0.0,0.0,0.0,0.0,679523154.0,0.0,septemb   sinc appear to be the rank wikipedia admin let' welcom him to thi convers i have delet one of the old thread relat to an old npov tag that exist prior to thi section httpsenwikipediaorgwikicooperunionfinancialcrisisandtuitionprotestscuadministrationview sinc epstein is now gone hi opinion doesn't matter chri chamberlain richard lincer and bill mea are the rank administr who would be abl to comment on whether they consid the financi deficit to still be a crisi
0.0,0.0,0.0,0.0,0.0,0.0,606091569.0,0.0,and what you say to it
-1.0,-1.0,0.0,0.0,-1.0,-1.0,458214180.0,-1.0,yep just keep talk go to hell
0.0,0.0,0.0,0.0,0.0,0.0,620644650.0,0.0,see
0.0,0.0,0.0,0.0,0.0,0.0,611959886.0,0.0,wikiproject medicin classb importancehigh
0.0,0.0,0.0,0.0,0.0,0.0,605891095.0,0.0,what' the issu
0.0,0.0,0.0,0.0,0.0,0.0,574345659.0,0.0,preced unsign comment ad by
0.0,0.0,0.0,0.0,0.0,0.0,286199449.0,0.0,scott april
0.0,0.0,0.0,0.0,0.0,0.0,63405709.0,0.0,rewrot on iceland
0.0,0.0,0.0,0.0,0.0,0.0,18280118.0,0.0,juli
0.0,0.0,0.0,0.0,0.0,0.0,51685116.0,0.0,ebook categori  i'v repli here
0.0,0.0,0.0,0.0,0.0,0.0,408272267.0,0.0,redirect talkwaldenwallkil rail trail
0.0,0.0,0.0,0.0,0.0,0.0,648785317.0,0.0,februari
0.0,0.0,0.0,0.0,0.0,0.0,11753505.0,0.0,no again  refer frame discuss are german to the biblic argument  apr
0.0,0.0,0.0,0.0,0.0,0.0,547454822.0,0.0,usermiszabotconfig maxarchives k counter  algo oldd archiv talkpolic commun support officerarch counterd
1.0,1.0,0.0,1.0,1.0,1.0,469020653.0,1.0,what would help a layman  a littl background i have alway love languag i am a nativ speaker of arab and english i have been die to learn hindi thank to wikipedia i learn that urdu would be a better place for me to start sinc i can alreadi read the script howev i land on the retroflex conson page when i could not read a few of the urdu punctuat mark for me the most glare omiss on the retroflex conson page is a small audio file so i can hear each sound tell me what it sound like in a languag i do not know like swedish or polish doe not help i wa abl to copi some word to googl translat and listen to them there but that wa of limit use i see that other articl have sound video and anim so i do not think thi would be a technic problem just tri to help
0.0,0.0,0.0,0.0,0.0,0.0,302276930.0,0.0,amongst other thing
0.0,0.0,0.0,0.0,0.0,0.0,98264869.0,0.0,reblock
0.0,0.0,0.0,0.0,0.0,0.0,400633166.0,0.0,ad refer let 'er rip ike
0.0,0.0,0.0,0.0,0.0,0.0,393254208.0,0.0,krajina warfar marbara
0.0,0.0,0.0,0.0,0.0,0.0,336512472.0,0.0,ani  see here
0.0,0.0,0.0,0.0,0.0,0.0,255119040.0,0.0,re say anyth  yeah earli year is probabl a good idea
0.0,0.0,0.0,0.0,0.0,0.0,579115954.0,0.0,usertalkosypost your comment to
0.0,0.0,0.0,0.0,0.0,0.0,469691071.0,0.0,januari
0.0,0.0,0.0,0.0,0.0,0.0,178397949.0,0.0,i ad a comment
0.0,0.0,0.0,0.0,0.0,0.0,71573388.0,0.0,with the origin histori
0.0,0.0,0.0,0.0,0.0,0.0,174585432.0,0.0,extend for addit day
0.0,0.0,0.0,0.0,0.0,0.0,64389840.0,0.0,novemb
1.0,1.0,0.0,0.0,1.0,1.0,242560880.0,1.0,nice clean up today thank
-1.0,-1.0,0.0,0.0,-1.0,-1.0,129871433.0,-2.0,you suck you suck you suck you suck you suck you suck you suck
0.0,0.0,0.0,0.0,0.0,0.0,20349856.0,0.0,sound alright  pm est
0.0,0.0,0.0,0.0,0.0,0.0,681978297.0,0.0,septemb   i understand
0.0,0.0,0.0,0.0,-1.0,0.0,98357800.0,1.0,hello gwernol  i am glad to be back at wikipedia again after be rude block for a month for littl to no reason i assur you i will do exactli what i did befor be block that is onli contribut to wikipedia i write thi to you becaus i want you to know that i think your action were irrespons and onli further my theori that mani wikipedia admin are pompou and overzeal i don't want to offend you in ani way becaus i know you would be prone to block me if i did i want you to at least understand my point of view be that you act irrespons if you don't want to listen to me i understand if you never want to speak to me again i understand i just feel i wa mistreat and that if you are as respons as you think you are you would at least tri to make it right again no offens should be taken from thi i just want to talk with all due respect
0.0,0.0,0.0,0.0,0.0,0.0,502929855.0,0.0,diff hist  filebirmingham gay villag rhinocero artworkjpg    svenbot talk contrib bot ad file to mtc prioriti list bot build rollback diff hist  filebirmingham gay villag map with labelspng    svenbot talk contrib bot ad file to mtc prioriti list bot build rollback
0.0,0.0,0.0,0.0,0.0,0.0,434560639.0,0.0,you have a messag you have a messag here read and answer it
0.0,0.0,0.0,0.0,0.0,0.0,440818687.0,0.0,will thi do httpthwikipediaorgwikiebebfebaebcyingrakjpg
0.0,0.0,0.0,0.0,0.0,0.0,358954097.0,0.0,ye i did that too
0.0,0.0,0.0,0.0,0.0,0.0,252055228.0,0.0,that say what you want
0.0,0.0,0.0,0.0,0.0,0.0,103181893.0,0.0,januari   be polit is like talk to the wind i tri that i wa steamrol but don't worri i'v found new life at wikipedia it is not a far fall from gnome to troll
0.0,0.0,0.0,0.0,0.0,0.0,511345625.0,0.0,redirect talkher majesty' inspector of prison for scotland
0.0,0.0,0.0,0.0,0.0,0.0,5996506.0,0.0,i took up on your offer and withdrew myself
0.0,0.0,0.0,0.0,0.0,0.0,652075549.0,0.0,how do i creat a page
0.0,0.0,0.0,0.0,0.0,0.0,299508836.0,0.0,t gear modul mm    mm bore brass wt   t gear modul mm    mm bore brass wt   t gear modul mm    mm bore brass wt   t gear modul mm    mm bore brass wt   t gear modul mm    mm bore brass wt   t gear modul mm    mm bore brass wt  t gear modul mm    mm bore brass wt  t gear modul mm    mm bore brass wt  t gear modul mm    mm bore brass wt  t gear modul mm    mm bore brass wt  t gear modul mm    mm bore brass wt   t gear modul mm    mm bore brass wt  t gear modul mm    mm bore brass wt
0.0,0.0,0.0,0.0,0.0,0.0,459812501.0,0.0,wikiproject osaka univers small  class start import high
0.0,0.0,0.0,0.0,0.0,0.0,651598022.0,0.0,staticiphostadam internet pti ltd adelaid sa australia
0.0,0.0,0.0,0.0,0.0,0.0,230702926.0,0.0,unblock
0.0,0.0,0.0,0.0,0.0,0.0,478263205.0,0.0,'american revolution' to the 'american war of independence'
0.0,0.0,0.0,0.0,0.0,0.0,348041402.0,0.0,epona epona epona epona epona epona
1.0,1.0,0.0,1.0,1.0,1.0,70101493.0,1.0,kind word  thank it' alway nice to receiv kind word from somebodi best wish and happi edit
0.0,0.0,0.0,0.0,0.0,0.0,400843101.0,0.0,talkunit state diplomat cabl leak
0.0,0.0,0.0,0.0,0.0,0.0,201436405.0,0.0,no kdee did not found that group i remov that inform
0.0,0.0,0.0,0.0,0.0,0.0,105388669.0,0.0,note venu bc minu is bc
0.0,0.0,0.0,0.0,0.0,0.0,226111811.0,0.0,link titlelink title'ital text'ital text'''' headlin text mediainsert nonformat text here headlin texthttpwwwexamplecom link title''ital text''media classwikit  header  header  header  row cell  row cell  row cell  row cell  row cell  row cell  block quot
0.0,0.0,0.0,0.0,0.0,0.0,405238474.0,0.0,redirect talkla jolla san diegoarch
0.0,0.0,0.0,0.0,0.0,0.0,588118571.0,0.0,portrait de flix fnon
0.0,0.0,0.0,0.0,0.0,0.0,391084099.0,0.0,userwikiplayerwikiplay
0.0,0.0,0.0,0.0,0.0,0.0,64912628.0,0.0,hello relat articl
1.0,1.0,0.0,0.0,1.0,1.0,612853580.0,1.0,thank fae thi campaign ha been a great learn opportun for me
0.0,0.0,0.0,0.0,0.0,0.0,669231760.0,0.0,redirect talkdeadtim stori video game
0.0,0.0,0.0,0.0,0.0,0.0,552739416.0,0.0,we wpglamboot camp   majest titan
1.0,1.0,0.0,0.0,1.0,0.0,110602496.0,0.0,report wprr violat  i'v remov your current request to investig pleas don't futur violat at wikipediaadministr intervent against vandal the correct place is wikipediaadministrators' noticeboardrr wpan thank
0.0,0.0,0.0,0.0,0.0,0.0,675217288.0,0.0,usersakimonk  although list islam theolog as hisher second favourit contribut islam theolog revis histori show that there is no contribut here made by sakimonk but talkathari
0.0,0.0,0.0,0.0,0.0,0.0,185640640.0,0.0,januari  implement date in titl
0.0,0.0,0.0,0.0,0.0,0.0,354935549.0,0.0,invit to discuss recent chang
0.0,0.0,0.0,0.0,0.0,0.0,97416950.0,0.0,butbutthat wa their reaction
0.0,0.0,0.0,0.0,0.0,0.0,640349956.0,0.0,from a page that doesn't exist
0.0,0.0,0.0,0.0,0.0,0.0,341339083.0,0.0,wpf newslett januari
0.0,0.0,0.0,0.0,0.0,0.0,488434074.0,0.0,refer or accessd
0.0,0.0,0.0,0.0,0.0,0.0,282698494.0,0.0,how is ask question vandal
0.0,0.0,0.0,0.0,0.0,0.0,233945147.0,0.0,februari
0.0,0.0,0.0,0.0,0.0,0.0,212425634.0,0.0,hello  mediainsert nonformat text here headlin text superscript textinsert footnot text hereredirect mediainsert textital text
0.0,0.0,0.0,0.0,0.0,0.0,48257317.0,0.0,discuss on thi page
0.0,0.0,0.0,0.0,0.0,0.0,67912797.0,0.0,jared??  futur signatur classwikit border descript signatur  olymp color userjp
0.0,0.0,0.0,0.0,0.0,0.0,507551795.0,0.0,redirect talkchri hall english footbal
0.0,0.0,0.0,0.0,0.0,0.0,352423583.0,0.0,redirect talkempress wu zetian film
0.0,0.0,0.0,0.0,0.0,0.0,556636460.0,0.0,ppot i restart the articl
0.0,0.0,0.0,0.0,0.0,0.0,356053189.0,0.0,terri  koeckritz
0.0,0.0,0.0,0.0,0.0,0.0,9180326.0,0.0,jan
0.0,0.0,0.0,0.0,0.0,0.0,17947391.0,0.0,not standard mile
0.0,0.0,0.0,0.0,0.0,0.0,180883899.0,0.0,redirect talktr vinh provinc
0.0,0.0,0.0,0.0,0.0,0.0,194432946.0,-2.0,jerk me jolli  fuckfuckfuckfuckfuckfuckfuckfuckfuckfuckfuckfuckfuckfuckfuckfuckfuckfuckfuckfuckfuckfuckfuckfuck fuckfuckfuckfuckfuckfuckfuckfuckfuckfuckfuckfuckfuckfuckfuckfuckfuckfuckfuckfuckfuckfuckfuckfuck fuckfuckfuckfuckfuckfuckfuckfuckfuckfuckfuckfuckfuckfuckfuckfuckfuckfuckfuckfuckfuckfuckfuckfuck fuckfuckfuckfuckfuckfuckfuckfuckfuckfuckfuckfuckfuckfuckfuckfuckfuckfuckfuckfuckfuckfuckfuckfuck fuckfuckfuckfuckfuckfuckfuckfuckfuckfuckfuckfuckfuckfuckfuckfuckfuckfuckfuckfuckfuckfuckfuckfuck fuckfuckfuckfuckfuckfuckfuckfuckfuckfuckfuckfuckfuckfuckfuckfuckfuckfuckfuckfuckfuckfuckfuckfuck fuckfuckfuckfuckfuckfuckfuckfuckfuckfuckfuckfuckfuckfuckfuckfuckfuckfuckfuckfuckfuckfuckfuckfuck fuckfuckfuckfuckfuckfuckfuckfuckfuckfuckfuckfuckfuckfuckfuckfuckfuckfuckfuckfuckfuckfuckfuckfuck fuckfuckfuckfuckfuckfuckfuckfuckfuckfuckfuckfuckfuckfuckfuckfuckfuckfuckfuckfuckfuckfuckfuckfuck fuckfuckfuckfuckfuckfuckfuckfuckfuckfuckfuckfuckfuckfuckfuckfuckfuckfuckfuckfuckfuckfuckfuckfuck fuckfuckfuckfuckfuckfuckfuckfuckfuckfuckfuckfuckfuckfuckfuckfuckfuckfuckfuckfuckfuckfuckfuckfuck fuckfuckfuckfuckfuckfuckfuckfuckfuckfuckfuckfuckfuckfuckfuckfuckfuckfuckfuckfuckfuckfuckfuckfuck fuckfuckfuckfuckfuckfuckfuckfuckfuckfuckfuckfuckfuckfuckfuckfuckfuckfuckfuckfuckfuckfuckfuckfuck fuckfuckfuckfuckfuckfuckfuckfuckfuckfuckfuckfuckfuckfuckfuckfuckfuckfuckfuckfuckfuckfuckfuckfuck fuckfuckfuckfuckfuckfuckfuckfuckfuckfuckfuckfuckfuckfuckfuckfuckfuckfuckfuckfuckfuckfuckfuckfuck fuckfuckfuckfuckfuckfuckfuckfuckfuckfuckfuckfuckfuckfuckfuckfuckfuckfuckfuckfuckfuckfuckfuckfuck fuckfuckfuckfuckfuckfuckfuckfuckfuckfuckfuckfuckfuckfuckfuckfuckfuckfuckfuckfuckfuckfuckfuckfuck fuckfuckfuckfuckfuckfuckfuckfuckfuckfuckfuckfuckfuckfuckfuckfuckfuckfuckfuckfuckfuckfuckfuckfuck fuckfuckfuckfuckfuckfuckfuckfuckfuckfuckfuckfuckfuckfuckfuckfuckfuckfuckfuckfuckfuckfuckfuckfuck comput
0.0,0.0,0.0,0.0,0.0,0.0,205082775.0,0.0,i don't need the archiv on the old page
1.0,1.0,0.0,0.0,1.0,1.0,129326853.0,1.0,argh i have to type it all again becaus of an edit conflict pleas wait a few minut befor reedit thi page so i can retyp the messag i just put thank
0.0,0.0,0.0,0.0,0.0,0.0,148136572.0,0.0,no it wasnt whoever you are
0.0,0.0,0.0,0.0,0.0,0.0,231442588.0,0.0,at templat talkreflist
0.0,0.0,0.0,0.0,0.0,0.0,172071313.0,0.0,redirect talkbalti citi airport
0.0,0.0,0.0,0.0,0.0,0.0,156620623.0,0.0,instead of turn red
0.0,0.0,0.0,0.0,0.0,0.0,207635652.0,0.0,right here wikipediawikiprojectvideogamesarticleguidelinesunsuitablecont
0.0,0.0,0.0,0.0,0.0,0.0,434348394.0,-1.0,i had enough of you bastard
0.0,0.0,0.0,0.0,0.0,0.0,228998360.0,0.0,redirect talkth test the oc
0.0,0.0,0.0,0.0,0.0,0.0,697089785.0,0.0,declineno bye
0.0,0.0,0.0,0.0,0.0,0.0,26974169.0,0.0,butt dancer bodybuild magazin ronni larsen new play entitl allmal peep show italianamerican exclus top magazin  bartend the with todd anthoni alex colt shawn adam eric evan jon troy billi robert jim hardi and adam young best of leather part forum studio with eduardo max stone billi slater brad eriksen dalla taylor york power joe romero matt thoma m windsor josh sterl mike lama mark evrett max grand drew andrew kyle mckenna gabriel lee and david thompson day of decad a with tyler scott aaron austin randi white doubl vision mustang video pac with zak spear scott baldwin max grand antoni romi greg ross donni russo and bruce spald fame flesh hi video with adam hart karl thoma joshua sterl vinc rockland scott randsom sean diamond ryan block jake andrew greas gun with codi foster chip daniel aiden shaw darryl brock sean davi kurt wolff dave logan and donni russo hot guy part  forum studio witheduardo tom katt toni cum brent cross dax kelli alex kincaid karl redford sean davi and joe kent hous rule falcon video pac with zak spear christian fox sean davi chase hunter clint benedict john wood jess tyler and scott baldwin how to get a man in bed with tom katt josh sterl jackson phillip brian maxx karl thoma matt rave and shawn adam jt sloan jess tyler dino phillip alec power joe romero cort steven adam hart buck colt rick drake sam abdul rip stone colt morgan vinc rockland brandon well marcelo reev rick samuel michael scott and ray molten idol countri hi video with ryan idol steve mark trent reed jake andrew grant larson rod major mike chavez j t sloan tyler regan wolff and tanner reev direct by chi chi laru leather obsess sex pit with max stone joe romero danni orli alec dane jt sloan jess skyler matt thoma and brett sterl licens to thrill with aiden shaw tanner reev matt windsor steve regi zak spear josh taylor ken adam and ty russel look of a man the mustang video pac with zak spear christoph cox dave logan aaron austin christian fox kevin kramer hunter scott brandon west and matt dietz marco rossi a want man with marc leblanc johnni roma and hunter scott masquerad odyssey men with johnni rey joey stefano kevin kramer andrew valentino danni bliss aaron austin and sharon kane militari issu with tyler scott donni russo mark andrew brock hunter chad steel eddi crane hal edward and john simm orgi part forum studio compil with matt thoma eduardo brent cross dax kelli tom katt joe magnum marcelo reev eric rieger brian daniel toni zerega thom barron and paul morgan stripper servic hi gold with ryan block mitch taylor jason broderick karl thoma hank hightow josh taylor randi white and dalla taylor strokin' it boy will be boy with diamond aka gianfranco peter wild joe jesa shane andrew miguel lopez aka mike chavez dean stockton gareth christoph aka gareth christian tigertail vivid man compliat with eric york beau beaumont tim barnett tim low justin rhode craig slater pierc matthew scott baldwin alec power randi mixer and tyler scott tom katt forum studio compliat with corey evan joe romero joe magnum and max grand total corrupt  doubl featur with greg ross hank hightow we daniel damian zak spear scott baldwin phil bradley donni russo scott randsom karl bruno tom katt blade thompson jordan young vic hall toni brocco chri dano shane cannon and adam wild urg the with devyn foster steve mark chri knight matt raven dino phillip jon troy we'v got them all with star tom katt cole youngblood steve o'donnel marcello reev shane colt corey evan rip stone brock mckay max grand and adriano marquez
0.0,0.0,0.0,0.0,0.0,0.0,275385385.0,0.0,lista queener brett
0.0,0.0,0.0,0.0,0.0,0.0,650377033.0,0.0,march
0.0,0.0,0.0,0.0,0.0,0.0,410160828.0,0.0,past from sandbox
0.0,0.0,0.0,0.0,0.0,0.0,214065644.0,1.0,speedi delet of thrice scene a tag ha been place on thrice scene request that it be speedili delet from wikipedia thi ha been done under section a of the criteria for speedi delet becaus the articl appear to be about web content but it doe not indic how or whi the subject is notabl that is whi an articl about that subject should be includ in an encyclopedia under the criteria for speedi delet articl that do not indic the subject' import or signific may be delet at ani time pleas see the guidelin for what is gener accept as notabl as well as our subjectspecif notabl guidelin for web content  if you think that thi notic wa place here in error you may contest the delet by ad to the top of the page that ha been nomin for delet just below the exist speedi delet or db tag coupl with ad a note on the talk page explain your posit but be awar that onc tag for speedi delet if the articl meet the criterion it may be delet without delay pleas do not remov the speedi delet tag yourself but don't hesit to add inform to the articl that would would render it more in conform with wikipedia' polici and guidelin lastli pleas note that if the articl doe get delet you can contact one of these admin to request that a copi be email to you
0.0,0.0,0.0,0.0,0.0,0.0,322440269.0,0.0,florida inform resourc network
0.0,0.0,0.0,0.0,0.0,0.0,549388269.0,0.0,not heremay have left wikipediadrewcif may
0.0,0.0,0.0,0.0,0.0,0.0,472837872.0,0.0,torontoy torontoimport
-1.0,0.0,0.0,0.0,0.0,0.0,59879787.0,-1.0,my talk page whi can't i blank my own talk page ass
1.0,1.0,0.0,0.0,1.0,1.0,52838932.0,1.0,i'm with you about the part about preserv the best encyclopedia wikipedia ha to offer of cours we can disagre that is what thi encyclopedia is all about don't worri you didn't sound condescend and i respect the inclus of a rd parti btw do you mind if i ask who it is anyway i believ it veri superful to have a head label plot a spoiler tag it seem veri redund as most peopl who read that it' the plot will take it to mean that it contain the whole plot detail end and all as for joe schmoe talk in the coff shop with x and y in town z be what the show is about that inform belong in a plot introduct which gener come befor the plot without ani head thank you for the good commun even though we do disagre
0.0,0.0,0.0,0.0,0.0,0.0,581079015.0,0.0,redirect talkasd agsm verona fc
1.0,1.0,0.0,0.0,0.0,0.0,348232938.0,1.0,thank for your messag i have alreadi spent far too much time on the issu so that i shall not take ani further action j milburn' argument is faulti one cannot remov an imag on the possibl of the event that may or may not take place in the futur the relev question is whether my copyright statement is incorrect at the time be and the answer to thi is clearli in the neg at least milburn ha not come up with a free imag of michael foot therebi show that my copyright statement were invalid so that the imag must stay i have argu but to no avail that when a free imag turn up there is no a priori reason whi a free imag should at all becom avail at ani forese time from now that event render my present copyright statement invalid at which instanc the present imag must be replac by the avail free imag at present no law is violat so that there is no reason whi the imag should be remov but i have said thi mani time and unless take a firm action i am afraid that the imag will be remov becaus someon ha put hi heart into remov it from the legal perspect the action by milburn can be liken with put an innoc person in prison on the suspicion that that person may break a law in futur which of cours is what fascist state do as a matter a cours milburn ha incident put hi heart into remov the imag of ebrahim pourdavoud even though there is no reason for do so the imag ha a perfectli valid copyright statement and there is no reason to believ that the person who ha made it public might have unlaw appropri it abov all pourdavoud is not a sexi celebr whose photograph would be worth anyth from the commerci perspect he is also long dead hi daughter wa in her eighti when i saw her for the last sever year ago so that there is also no one who would have ani interest commerci or otherwis in keep the photograph at issu from public domain kind regard
-1.0,-1.0,0.0,-1.0,-1.0,-1.0,259352824.0,-2.0,fuck you go suck on a fat dick faggot mother fucker i'm the the wrong person to fuck with you puck ass pussi i would keep my moth shut or i can shut for you
0.0,0.0,0.0,0.0,0.0,0.0,499699052.0,0.0,anoth user ha taken care of the error for me for futur use you may either contact me again or jmajeremi as well or add edit semiprotect to the talk page cheer
0.0,0.0,0.0,0.0,0.0,0.0,183088361.0,0.0,first four volum
0.0,0.0,0.0,0.0,0.0,0.0,189480689.0,0.0,i expand the lead section what do you all think
0.0,0.0,0.0,0.0,0.0,0.0,70972017.0,0.0,the jati system of kerala
0.0,0.0,0.0,0.0,0.0,0.0,154770944.0,0.0,wikimania in atlanta
0.0,0.0,0.0,0.0,0.0,0.0,149251377.0,0.0,world intellectu properti organ world intellectu properti organ wipo websit
0.0,0.0,0.0,0.0,0.0,0.0,136072662.0,0.0,just my two cent though
0.0,0.0,0.0,0.0,0.0,0.0,272002969.0,0.0,demon abduct imagin abduct origin research abduct claim that otherdimension be are not alien you mau wish to rethink your comment as they come across a bit jejun
1.0,1.0,0.0,0.0,1.0,1.0,106481284.0,1.0,i origin upload the file march  the recent upload wa just some modif i will see about provid a better descript thank you
0.0,0.0,0.0,0.0,0.0,0.0,578692792.0,0.0,httpwwwvgcombatmanarkhamoriginsreviewshavebegunallthescoresher contain all score for the game
0.0,0.0,0.0,0.0,0.0,0.0,553050962.0,0.0,histori  kallikid wa creat by karen bach in march
0.0,0.0,0.0,0.0,0.0,0.0,18381568.0,0.0,interest stuff  wikipediavot for deletioncrit inform on jehovah' wit
0.0,0.0,0.0,0.0,0.0,0.0,641978111.0,0.0,redirect talkshannon british singer
0.0,0.0,0.0,0.0,0.0,0.0,178081851.0,0.0,ani notic attempt outing of userbrendan
0.0,0.0,0.0,0.0,0.0,0.0,262491470.0,0.0,updat httpsecuritynationaljournalcomisisraelastrategicliabilityfortheusphp
0.0,0.0,0.0,0.0,0.0,0.0,689428343.0,0.0,did softlavend pull the tooth of the lion incred
0.0,0.0,0.0,0.0,0.0,0.0,40758001.0,0.0,see also all of today' user contribut
0.0,0.0,0.0,0.0,0.0,0.0,504621348.0,0.0,franc jacqu chirac presid of franc  februari   eduardo frei ruiztagl eduardo frei ruiztagl  februari   kim daejung presid of south korea  june   emil constantinescu presid of romania  juli
0.0,0.0,0.0,0.0,0.0,0.0,211939956.0,0.0,becaus the link you were ad to the episod titl were inappropri as they all just come back to thi page circular link are pointless and over wikilink is discourag
0.0,0.0,0.0,0.0,0.0,0.0,260535659.0,0.0,redirect talk roger att cup singl
0.0,0.0,0.0,0.0,0.0,0.0,138754155.0,0.0,tab delimit submiss for product feed etc all these thing fall into the cat of search engin submiss
0.0,0.0,0.0,0.0,0.0,0.0,459297027.0,0.0,id imagin but it need a sourc
0.0,0.0,0.0,0.0,0.0,0.0,364146247.0,0.0,oh and other editorsadmin rememb thi is a commun ip address for a school
0.0,0.0,0.0,0.0,0.0,0.0,188600008.0,0.0,classstub playery needsinfoboxy
0.0,0.0,0.0,0.0,0.0,0.0,206610590.0,0.0,'''adamjwctalk page archiv
0.0,0.0,0.0,0.0,0.0,0.0,568851579.0,0.0,same here see wikipediad formattingsscriptmosnum datesbugsnot load in toolbox
0.0,0.0,0.0,0.0,0.0,0.0,623235290.0,0.0,i agre and i don't think revision will get anywher but if he want to request a page move i guess he can do so
0.0,0.0,0.0,0.0,0.0,0.0,499684084.0,0.0,redirect talkheath clark american journalist
0.0,0.0,0.0,0.0,0.0,0.0,301631670.0,0.0,word
-1.0,-1.0,0.0,-1.0,-1.0,-1.0,364264333.0,-1.0,sound like the kind of malic and stupid i expect from you
0.0,0.0,0.0,0.0,0.0,0.0,245823547.0,0.0,major intellig coup that rais the prestig of the organ
0.0,0.0,0.0,0.0,0.0,0.0,694377826.0,0.0,titl  is fast suppos to be an acronym
0.0,0.0,0.0,0.0,0.0,0.0,294429524.0,0.0,stylefonts smaller classautosignedpreced unsign comment ad by
0.0,0.0,0.0,0.0,0.0,0.0,357283631.0,0.0,preced unsign comment ad by
0.0,0.0,0.0,0.0,0.0,0.0,633163765.0,0.0,or mayb an xkcd comic
0.0,0.0,0.0,0.0,0.0,0.0,85189340.0,0.0,indiffer   novemb
0.0,0.0,0.0,0.0,0.0,0.0,687876016.0,0.0,wikiproject urban studi and
-1.0,0.0,0.0,0.0,0.0,0.0,70880071.0,-1.0,now let' see who' gonna start cri like a littl girl becaus i said thi so i could laugh my ass off at them
0.0,0.0,0.0,0.0,0.0,0.0,398458035.0,0.0,formula one season
-1.0,0.0,0.0,0.0,-1.0,-1.0,470572841.0,-1.0,or what your gonna ban my ip what a joke dumb ass
0.0,0.0,0.0,0.0,0.0,0.0,364698763.0,0.0,may
0.0,0.0,0.0,0.0,0.0,0.0,685700289.0,0.0,busi econom topicsinquebec
0.0,0.0,0.0,0.0,0.0,0.0,24189459.0,0.0,redirect talkpragu underground cultur
0.0,0.0,0.0,0.0,0.0,0.0,610247270.0,0.0,awe hello  httpsenwikipediaorgwindexphptitleusertalkmosfetfaserdiffprevoldid
0.0,0.0,0.0,0.0,0.0,0.0,283700223.0,0.0,former '''' battalion compani
0.0,0.0,0.0,0.0,0.0,0.0,206333338.0,0.0,wprfbot your recent bot approv request ha been approv pleas see the request page for detail
0.0,0.0,0.0,0.0,0.0,0.0,697541689.0,0.0,redirect talkminor basilica of our ladi of walsingham
-1.0,0.0,0.0,0.0,0.0,0.0,333930253.0,0.0,feel harass
0.0,0.0,0.0,0.0,0.0,0.0,685545078.0,0.0,lawsuit  sourc in case someon want to expand httpwwwtheguardiancomusnewsoctciatorturesurvivorssuepsychologistsaclu
1.0,1.0,0.0,0.0,1.0,0.0,637977386.0,1.0,sorri  i see someon els ha updat hi page good job he wa a legend here
0.0,0.0,0.0,0.0,0.0,0.0,331292191.0,0.0,bold text
0.0,0.0,0.0,0.0,0.0,0.0,312779495.0,0.0,but it wa my own articl that i chang from one version into anoth
0.0,0.0,0.0,0.0,0.0,0.0,166989056.0,0.0,that beeftoni start
0.0,0.0,0.0,0.0,0.0,0.0,667376109.0,0.0,redirect talkutah jazz summer leagu
0.0,0.0,0.0,0.0,0.0,0.0,159918216.0,0.0,unprotect time to unprotect it yet
0.0,0.0,0.0,0.0,0.0,0.0,64429408.0,0.0,plz see link on my talk page as support
0.0,0.0,0.0,0.0,0.0,0.0,44808147.0,0.0,thh user diyako is definnityl not antiiranian
0.0,0.0,0.0,0.0,0.0,0.0,333298769.0,0.0,redirect talkgj c
0.0,0.0,0.0,0.0,0.0,0.0,297246281.0,-1.0,stop tell lie and tri to promot your pro zionist entiti agenda under the hidden auspic of npov and fair i will report you if you keep pollut wikipedia with zionist lie and filth
0.0,0.0,0.0,0.0,0.0,0.0,578208328.0,0.0,i'v just done a quick search use googl and the onli english sourc i can see for the claim are twitter feed wordpresstyp blog and facebook page none of which are reliabl sourc howev googl doe not alway index indian newspap particularli well perhap you can find someth that i have miss
0.0,0.0,0.0,0.0,0.0,0.0,406411914.0,0.0,hongqigong is correct
0.0,0.0,0.0,0.0,0.0,0.0,118208355.0,0.0,did you expect anyth less p
0.0,0.0,0.0,0.0,0.0,0.0,244153235.0,0.0,read the messag and see who it from and tell me it not warrant
0.0,0.0,0.0,0.0,0.0,0.0,181615922.0,0.0,not notabl enough to have a wikipedia articl
0.0,0.0,0.0,0.0,0.0,0.0,584824698.0,-1.0,blah blah blah loser
-1.0,-1.0,0.0,-1.0,-1.0,-1.0,587721420.0,-1.0,litter act sect is shit tri qld model with amend i am sick of your polit crap in my letter box  my my we have a true labour lover fool
0.0,0.0,0.0,0.0,0.0,0.0,593480659.0,0.0,sourc
0.0,0.0,0.0,0.0,0.0,0.0,308160470.0,0.0,wp syria classc importancemid
0.0,0.0,0.0,0.0,0.0,0.0,315625498.0,0.0,yeah sinc octob
0.0,0.0,0.0,0.0,0.0,0.0,394632752.0,0.0,kirbi firstdavid a year chapterextrapol race in gattaca genet pass ident and the scienc of race editorlastmetzl editorfirstjonathan m editorlastpoiri editorfirstsuzann titlediffer and ident a special issu of literatur and medicin publisherjohn hopkin univers press page isbn cite book last
0.0,0.0,0.0,0.0,0.0,0.0,315157591.0,0.0,the juden ha yet to repli tsk tsk tsk
0.0,0.0,0.0,0.0,0.0,0.0,295366747.0,0.0,httpenwikipediaorgwikitownsintheformerrsk httpenwikipediaorgwikiwikipediaarticlesfordeletiongeographyoftheformerrepublicofserbiankrajina
0.0,0.0,0.0,0.0,0.0,0.0,502593936.0,0.0,redirect talkemmanuel a world of desir
1.0,0.0,0.0,0.0,0.0,0.0,537599610.0,0.0,the purpos of nug' edit are mainli to fit the open to the mainstream sourc everyth els is just your assumpt of bad faith
0.0,0.0,0.0,0.0,0.0,0.0,179534806.0,1.0,a warn  hi there i notic that you made a revert on the page
1.0,1.0,0.0,1.0,1.0,1.0,319381778.0,1.0,thank for ad the olson refer i agre the articl is in a sorri state it' stuck in the s but that refer is veri help in illustr as the articl point out how the concept of hifi ha chang and continu to chang with time will fix thi up thank
0.0,0.0,0.0,0.0,0.0,0.0,460205271.0,0.0,redirect talk hk
0.0,0.0,0.0,0.0,0.0,0.0,570348343.0,0.0,n n brandenburg ave merril wisconsin n n brandenburg ave merril wisconsin n n brandenburg ave merril wisconsin n n brandenburg ave merril wisconsin
0.0,0.0,0.0,0.0,0.0,0.0,658715363.0,0.0,curli bracket gone but just one imag i thought it wa intend to show both imag
0.0,0.0,0.0,0.0,0.0,0.0,339187433.0,0.0,redirect talkmunir hussain cricket
0.0,0.0,0.0,0.0,0.0,0.0,201661646.0,0.0,stylebackgroundcolor dedd some enchat even
1.0,1.0,0.0,1.0,1.0,1.0,314744903.0,1.0,thank you  thank you so much for your barnster dude keep in touch like to work with you on mani articl bluelankan
0.0,0.0,0.0,0.0,0.0,0.0,546018213.0,0.0,the gathering''' page from the vault dragon
0.0,0.0,0.0,0.0,0.0,0.0,43584867.0,0.0,without be resuppli were panzerschiffe'
0.0,0.0,0.0,0.0,0.0,0.0,672622492.0,0.0,usermiszabotconfig archivehead  maxarchives k counter  minthreadsleft  minthreadstoarch  algo oldd archiv talkcarnismarch counterd
0.0,0.0,0.0,0.0,0.0,0.0,113897557.0,0.0,declinethi is not true it is still an activ node on tor
0.0,0.0,0.0,0.0,0.0,0.0,34570342.0,0.0,open proxi thi is an open proxi from proxykingnet
0.0,0.0,0.0,0.0,0.0,0.0,396738463.0,0.0,edit request from  novemb   ddd
1.0,1.0,0.0,0.0,1.0,1.0,509474036.0,-1.0,pleas refrain from make me fuch you your edit appear to constitut masturb and have been revert or remov if you would like to experi pleas use the sexroom thank you
0.0,0.0,0.0,0.0,0.0,0.0,437437664.0,0.0,rowspan colspandid not qualifi
0.0,0.0,0.0,0.0,0.0,0.0,75046267.0,0.0,add mani link to your site
-1.0,-1.0,0.0,-1.0,-1.0,-1.0,368427725.0,-1.0,i am still a gigant faggot
0.0,0.0,0.0,0.0,0.0,0.0,74051961.0,0.0,here is a littl evid an anonym user on the same servic  admit to claim that the discuss wa initi at least two week earlier than it wa and enough subtl littl distort like thi complet rewrit histori or pretti much anyth els incident by pure innoc coincid is also an aol web proxi server strang i also know a trcourag who use aol and i can prove it too mani time over
0.0,0.0,0.0,0.0,0.0,0.0,586726799.0,0.0,what wa up with all of those refs''''''
-1.0,-1.0,0.0,0.0,-1.0,-1.0,292274723.0,-1.0,hi pompou ass   i know you think you'r some kind of poker author on wikipedia and that it' somehow your perog to give the imperi final thumb up or thumb down on what' accept regard anyth to do with poker here but guess what that' not the case you are one of mani arrog conceit selfabsorb loser that popul wikipedia who use thi site as some sort of selfesteem builder becaus here you can act like a big man and make unilater decis on what' accept or unaccept here the edit i have made and will continu to make on the jack strau entri regard hi death doesn't violat polici in ani way if i had the time or the inclin i could spend sever month quot entri and instanc on wikipedia where editori verbiag is use you are simpli a pompou ass who think you are the gatekeep of anyth pokerrel on wikipedia you are not and you will not censor me and as i'm sure you'v alreadi realiz my isp address constantli chang so you wont be abl to block me either so piss off
0.0,0.0,0.0,0.0,0.0,0.0,52275112.0,0.0,and beyond all thi it
0.0,0.0,0.0,0.0,0.0,0.0,340684520.0,0.0,imag  how about some imag
0.0,0.0,0.0,0.0,0.0,0.0,115614683.0,0.0,upon further inspect wa link to by you give the indic for all intent and purpos that stevenl is an altern account can you clarifi
0.0,0.0,0.0,0.0,0.0,0.0,217935089.0,0.0,calcul usual overestim
0.0,0.0,0.0,0.0,0.0,0.0,158387329.0,0.0,some imag may not display properli
0.0,0.0,0.0,0.0,0.0,0.0,497379830.0,0.0,who pass away recent
0.0,0.0,0.0,0.0,0.0,0.0,430458365.0,0.0,heh fourteen minut
0.0,0.0,0.0,0.0,0.0,0.0,26836467.0,0.0,octob   talk to me okeeel
0.0,0.0,0.0,0.0,0.0,0.0,425473788.0,0.0,you are mistaken
0.0,0.0,0.0,0.0,0.0,0.0,531544940.0,0.0,categorywikipedian who use rc script
0.0,0.0,0.0,0.0,0.0,0.0,305537995.0,0.0,oppos wolfkeep
0.0,0.0,0.0,0.0,1.0,0.0,536864965.0,0.0,note to excel formula  the shown alltimeformula claim charcter but fe in ecxel the maximum of formula length wa i reduc it to less than so it work also in excel  dateamodamodadayaintadayamodmodintadaymodamodmodaintadayaintadayamodadaymodamodmodaintadayaintadayamodmodintadaymodamodmodaintadayadayadayamoda  frank schneider germani
0.0,0.0,0.0,0.0,0.0,0.0,1988528.0,0.0,ha ah aha hahahahhahahahhahah
0.0,0.0,0.0,0.0,0.0,0.0,238948993.0,0.0,redirect talklist of entiti involv in financi crise
0.0,0.0,0.0,0.0,0.0,0.0,434985941.0,0.0,jordan doe not cite a sourc for her inform
0.0,0.0,0.0,0.0,0.0,0.0,659682088.0,0.0,add illqtak extens
0.0,0.0,0.0,0.0,0.0,0.0,119251553.0,0.0,i have remov speedi delet tag per abov
0.0,0.0,0.0,0.0,0.0,0.0,239538199.0,0.0,empti articl talk page
0.0,0.0,0.0,0.0,0.0,0.0,110550022.0,0.0,see in particular
0.0,0.0,0.0,0.0,0.0,0.0,349673698.0,0.0,talkback
0.0,0.0,0.0,0.0,0.0,0.0,55152645.0,0.0,or of particular elabor
0.0,0.0,0.0,0.0,0.0,0.0,637568339.0,0.0,sshhh don't tell them about vitamin k one way of do it
0.0,0.0,0.0,0.0,0.0,0.0,460536759.0,0.0,xoxo bitter blanton resid
0.0,0.0,0.0,0.0,0.0,0.0,31971267.0,0.0,equal or greater than zeor
0.0,0.0,0.0,0.0,0.0,0.0,679676470.0,0.0,ye b  ye b  ye b  ye b  ye b  ye b
0.0,0.0,0.0,0.0,0.0,0.0,381317419.0,0.0,redirect talkpetrom brazi power station
0.0,0.0,0.0,0.0,0.0,0.0,45025447.0,1.0,no  that wa sango i call the other chick beauti tee hee i'm actual a veri strong support of wikipedia i don't mean that in term of how much i contribut as i simpli cannot dedic the time but i contribut validli from time to time updat inform remov nonneutr inform etc etc it just amaz me how close thi thing is protect in order to keep valid research data avail excel resourc
0.0,0.0,0.0,0.0,0.0,0.0,577486905.0,0.0,ok i will remov it then
0.0,0.0,0.0,0.0,0.0,0.0,433046020.0,0.0,daughter perform httpenwikipediaorgwikiinarageorg probabl deserv mention
0.0,0.0,0.0,0.0,0.0,0.0,443227114.0,0.0,pageeveryday lifeaugust
0.0,0.0,0.0,0.0,0.0,0.0,411507987.0,-1.0,now remov it from your site now you damn thiev
0.0,0.0,0.0,0.0,0.0,0.0,203892205.0,0.0,from diplomat feder offic of feder plaza ny divis and scotland yard of the london district spourc of further refer ussa world polit at httplikadiplomatwordpresscom
0.0,0.0,0.0,0.0,0.0,0.0,90686187.0,0.0,hey sorri i dont think there is ani person attack i think khorshid see dream about threat i requir admin should be do someth to him is it allow to incrimin someon here in wikipedia without no evid
0.0,0.0,0.0,0.0,0.0,0.0,191868268.0,0.0,exept for that is
0.0,0.0,0.0,0.0,0.0,0.0,296931629.0,0.0,may
0.0,0.0,0.0,0.0,0.0,0.0,113970044.0,0.0,archiv see archiv
-1.0,0.0,0.0,0.0,0.0,0.0,415452264.0,-1.0,i see you admit that you'v been use sockpuppet to keep the world from know about coanda' pathet liesaccord to the mainstream of aviat historian
0.0,0.0,0.0,0.0,0.0,0.0,205626923.0,0.0,also to cross off point about imag
0.0,0.0,0.0,0.0,0.0,0.0,264322174.0,0.0,redirect talksadiq public school
0.0,0.0,0.0,0.0,0.0,0.0,293236264.0,0.0,small textinsert nonformat text heremediamediaexampleoggmediaexampleogg  bold text httpwwwexamplecom link titl   small textinsert nonformat text heremediamediaexampleoggmediaexampleogg'''
0.0,0.0,0.0,0.0,0.0,0.0,530340456.0,0.0,docsgoogl ha been free drivegoogl is said to cost mo beyond yr after st access via chrome book for free  gb of googl drive free for year
0.0,0.0,0.0,0.0,0.0,0.0,47366267.0,0.0,midgley asid i don't accept justif for remov link there is plenti of inform on wikipedia about the nonconvent view he could prove hi premis by show me where these view are there isn't a word on mmr about altern view on measl and whi a vaccin page for view on measl when we have a measl page
0.0,0.0,0.0,0.0,0.0,0.0,91318811.0,0.0,appar i am not allow to edit my own user page the previou imag doesn't even exist on wikipedia ani more
0.0,0.0,0.0,0.0,0.0,0.0,47472621.0,0.0,they work fine if you use four of them
0.0,0.0,0.0,0.0,0.0,0.0,341324230.0,0.0,orang counti california
0.0,0.0,0.0,0.0,0.0,0.0,390325408.0,0.0,british isl usag
0.0,0.0,0.0,0.0,0.0,0.0,442320261.0,0.0,redirect talkvikram chandra ndtv
0.0,0.0,0.0,0.0,0.0,0.0,482840578.0,0.0,redirect talk iraqi leagu
0.0,0.0,0.0,0.0,0.0,0.0,462667258.0,0.0,lewi and clark expedit
0.0,0.0,0.0,0.0,0.0,0.0,85507994.0,0.0,and get to a solut
0.0,0.0,0.0,0.0,0.0,0.0,562057763.0,0.0,templatedata is here
0.0,0.0,0.0,0.0,0.0,0.0,489265896.0,0.0,so you just want nation when he becam a footbal that would be both german and turkish
0.0,0.0,0.0,0.0,0.0,0.0,44737509.0,0.0,the edit histori show two editor accus each other of copypast violat proscib a cours of wpcivil wpcopi and wpown and they should feel better in the morn
0.0,0.0,0.0,0.0,0.0,0.0,531892048.0,0.0,classlist importancelow
0.0,0.0,0.0,0.0,0.0,0.0,250692719.0,0.0,bakutrix novemb
-1.0,0.0,0.0,0.0,0.0,0.0,63071199.0,1.0,hi i have chang the text caus mostar is not the fourth largest citi in bosnia it is the fifth largest citi  sarajevo   citizen  banja luka  citizen  tuzla  citizen  zenica  citizen mostar  citizen
0.0,0.0,0.0,0.0,0.0,0.0,460227520.0,0.0,wikipedia video  httpwwwyoutubecomwatchvplhxjjeo
0.0,0.0,0.0,0.0,0.0,0.0,97365947.0,0.0,manuel caso kevin zeredi
0.0,0.0,0.0,0.0,0.0,0.0,184721680.0,0.0,redirect talkmoham bin awad bin laden
0.0,0.0,0.0,0.0,0.0,0.0,161587728.0,0.0,the correspond section
1.0,0.0,0.0,0.0,0.0,0.0,112096126.0,0.0,cleanup  thi articl badli need cleanup i'm go to remov everyth without some kind of link to anoth wikipedia page as a start
0.0,0.0,0.0,0.0,0.0,0.0,279507830.0,0.0,there is no origin research includ primari sourc primari sourc can be includ as long it is descript see wpprimari
-1.0,0.0,0.0,0.0,-1.0,-1.0,622957265.0,-1.0,a bunch of nonacadem clown are now censor the info so i'm wast my breath talk to moron imo  you and everyon delet the prime spiral are all liar the origin articl wa cite it cite peer level speed test of all the top prime algorithm yet you twit claim not verifi bs i verifi my claim thi is whi the world of academia consid wiki to be run by clueless power hungri twit mod that know noth about academia read the cite in the articl you twit delet i shouldn't even be wast my breath on such nazi censor worm put the page back it wa citd to github speed test the new prime spiral beat all the other prime algorithm and wiki ha page for the slower prime algorithm put it back httpsenwikipediaorgwikiprimespir github is where the test were done and not one real mathematician or comput program expert question the result sinc anyon can duplic them from the open sourc softwar httpsgithubcomevandrixsplattreemastercodedemopyprimesapyprimestest httpsmailpythonorgpipermailtutordecemberhtml so the origin articl cite major outsid sourc to prove the claim  drprinceton
0.0,0.0,0.0,0.0,0.0,0.0,172770654.0,0.0,from sutton' offic
0.0,0.0,0.0,0.0,0.0,0.0,634838849.0,0.0,redirect talkmikhail gromov militari
0.0,0.0,0.0,0.0,0.0,0.0,222020539.0,0.0,asses dhangar
0.0,0.0,0.0,0.0,0.0,0.0,266919842.0,0.0,httpenwikipediaorgwindexphptitleoldid wpprimarytop
-1.0,-1.0,0.0,-1.0,-1.0,-1.0,422766558.0,-1.0,i'm jima retard idiot
0.0,0.0,0.0,0.0,0.0,0.0,392605462.0,0.0,redirect talkgod zij met on surinam
0.0,0.0,0.0,0.0,0.0,0.0,54158929.0,0.0,classinfobox widthpx  aligncent archiv
0.0,0.0,0.0,0.0,0.0,0.0,636842789.0,0.0,game  is thi game good
0.0,0.0,0.0,0.0,0.0,0.0,430392630.0,0.0,latim obit  httpwwwlatimescomnewsobituarieslamerichardsteinheimerstori
0.0,0.0,0.0,0.0,0.0,0.0,17478315.0,0.0,may
1.0,1.0,0.0,0.0,1.0,1.0,497223150.0,1.0,translat dear userrshnik i would like to ask you if you kindli agre to translat the articl israel tsvaygenbaum from english to hebrew thank you sincer
0.0,1.0,0.0,1.0,1.0,1.0,327294381.0,1.0,marienlyst castl hi thank you for stop by it wa a red link on a page i had creat and when i read about it i realiz that it had an interest life and wa under appreci i have a soft spot for under appreci thing that are interest so want to improv the articl i'v done what i could with my aw danish to english skill and wa in need of help i think the page is done and just need a wee bit more love if you'd like to help i could set up a sandbox for it so we can work on improv the articl when that' done we'd need to get some sourc as it onli ha one right now then we'd need to get the inform into english onc it' in english i can do most of the edit i'd also like to find someon who'd be abl to get some photo mayb sinc it' a museum they'd probabl even help if we email them so what do you say are you in
0.0,0.0,0.0,0.0,0.0,0.0,141507792.0,0.0,and he said she said
0.0,0.0,0.0,0.0,0.0,0.0,235871300.0,0.0,updat '''''' w
0.0,0.0,0.0,0.0,0.0,0.0,6569572.0,0.0,the last line doe make it somewhat an object decis howev and i'll stop move anyth els for now
0.0,0.0,0.0,0.0,0.0,0.0,474972454.0,0.0,peopl of englandpeopl of armeniapeopl
-1.0,-1.0,0.0,-1.0,-1.0,-1.0,690824273.0,-1.0,oh shit nooooo is someon go to spank me now
0.0,0.0,0.0,0.0,0.0,0.0,46965684.0,0.0,alakh niranjan  hi i'v repli on my talk page
0.0,0.0,0.0,0.0,0.0,0.0,276369752.0,0.0,redirect talkmoham yussuf rahim
-1.0,-1.0,0.0,-1.0,-1.0,-1.0,408668661.0,-1.0,i haz a questionwhi are you an idiot xd
0.0,0.0,0.0,0.0,0.0,0.0,654727403.0,0.0,see wpfring
0.0,0.0,0.0,0.0,0.0,0.0,548063295.0,0.0,would like to express a slight error  who is in second place with  point as of thi edit wa not list in the letter' list of top  particip
0.0,0.0,0.0,0.0,0.0,0.0,80996421.0,0.0,templatewikiproject american open wheel race
0.0,0.0,0.0,0.0,0.0,0.0,82240319.0,0.0,the citat were provid clear your cach
0.0,0.0,0.0,0.0,0.0,0.0,192544028.0,0.0,no per wpcrystal
0.0,0.0,0.0,0.0,0.0,0.0,482600418.0,0.0,anastacia  ifpiorg thi and all the singl make anastacia about million  not that kind million the total amount of platinum mark by ifpiorg freak of natur sourc by httpwwwoctagonukcomcontentaspxmenu anastacia the total amount of platinum mark by ifpiorg piec of a dream and heavi rotat with their certif about million all without singl am i right
1.0,0.0,0.0,0.0,0.0,0.0,188692210.0,1.0,dear apostolo margar i am sori to repli late mucan or mocan could be a branch of yoruk becous our some part of destini came from karaman and the other came from urfa yoruk are also exist in karaman  translat of the paragraph if i can do avdan villiag is from mican mocanmucanmacanoullarmicanoullar yoruk mocan aireti is belong to de daniment boyuna danimend beyship were abolish in by seljukian so that oymaktan olutuu sanlan danimend boylar dalmaya balamlardrdaha sonra zellikl anadolunun batsna yerletirilmeleri iin fermanlar yaynlanmtr ve fermanlar bu hususta verilen ferman nisan tarihini tamaktadr skn memuriyetin evvel karaman valisi ve anadolu beylerbeyisi memur edilm fakat badat valisi vezir ahmet paaya verildi daniment ulusundan isknlar ferman olunan oymaklar unlard byk sermay kk sermay karalu cevanir kaiki glegir mihmandl krd byk sleyman grdn gre karamanl mocan oymaklar rum siva vilyetindeki daniment trkmenleri karacakrd herekli boynulncel saral krtili kebir ve sagir san dkl byk salarlu kk salarlu erefli durduhseyinl velil ve dier bir kak oyma olmak zere oymaktan iba retti
0.0,0.0,0.0,0.0,0.0,0.0,211243195.0,0.0,the chang of the pic
0.0,0.0,0.0,0.0,0.0,0.0,259153671.0,0.0,redirect talkvoydan pop georgiev chernodrinski
0.0,0.0,0.0,0.0,0.0,0.0,283666915.0,0.0,he' not he' that a big differ
0.0,0.0,0.0,0.0,0.0,0.0,18408177.0,0.0,juli
0.0,0.0,0.0,0.0,0.0,0.0,35210488.0,0.0,th  novemb nd  decemb
0.0,0.0,0.0,0.0,0.0,0.0,379361950.0,0.0,i do not understand
0.0,0.0,0.0,0.0,0.0,0.0,637325157.0,0.0,and httpsenwikipediaorgwindexphptitletalkakarmainbuddhismdiffoldid robert' respons
-1.0,-1.0,0.0,-1.0,0.0,-1.0,213789966.0,-1.0,re the idiot keep put gunit record on product of the south when the refer clearli state it not go to be
0.0,0.0,0.0,0.0,0.0,0.0,257809379.0,0.0,your bakugan contest  here' the thing you put the name and gpower of your bakugan and pick your favorit then we compar the best one and pick the winner the prize know that your bakugan won omnigan
0.0,0.0,0.0,0.0,0.0,0.0,156647910.0,0.0,fowl
1.0,1.0,0.0,1.0,1.0,1.0,506572178.0,1.0,thank glad to hear it
0.0,0.0,0.0,0.0,0.0,0.0,79208227.0,0.0,decemb  august
0.0,0.0,0.0,0.0,0.0,0.0,209326546.0,0.0,hous vs famili ostrogski
0.0,0.0,0.0,0.0,0.0,0.0,690529031.0,0.0,wikiproject unit state territoriesclass
0.0,0.0,0.0,0.0,0.0,0.0,501832634.0,0.0,regular  you seem to misunderstand wpdttr in the context of wpdttr the word regular is use to describ someon who is an experienc user you are clearli not a regular if i can find some free time i'll write a request for your mentor to implement some addit restrict i check a random sampl of your edit and you make lot of mistak
0.0,0.0,0.0,0.0,0.0,0.0,344452243.0,0.0,the number cant be for six month that imposs becaus the particip front are alreadi list in the kursk defenc oper lol
0.0,0.0,0.0,0.0,0.0,0.0,611808016.0,0.0,awww man  thi ruin everyth
0.0,0.0,0.0,0.0,0.0,0.0,98088440.0,0.0,depend on who you listen to
1.0,1.0,0.0,1.0,1.0,1.0,24300863.0,1.0,thank for your comment to the score system it wa if you can see for the first round the first person who get the correct answer receiv a timesinfin bonu becaus all other are given point my work with the current score system is to encourag peopl to keep answer after somebodi ha got correct and as the same time keep the privileg of the first correctgett as you can see owe to thi new score system the amount of answerscript have risen dramat i wonder if the extrapoint system will bring ani neg effect to the futur competit it is becaus each question carri differ amount of point and the firstansw will lose hi or her advantag instead i suggest that a multipli is to be kept instead of replac it with an addit also to encourag more repli i'v also given bonu multipli to the second and third person who get the correct answer so what i think after hear your opinion is to keep the multipli system but the multipli may be reduc from  to someth like  someth greater than but not greater than hope to see your feedback at my talk page click the capit letter c in my signatur will do
0.0,0.0,0.0,0.0,0.0,0.0,307966601.0,0.0,shouldn't the coup d'etat in the hoh column match the one in jeff vote column
0.0,0.0,0.0,0.0,0.0,0.0,520278715.0,0.0,on an obscur help page
0.0,0.0,0.0,0.0,0.0,0.0,38627499.0,0.0,of student all over the world
0.0,0.0,0.0,0.0,0.0,0.0,463087671.0,0.0,decid by court to
0.0,0.0,0.0,0.0,0.0,0.0,56250082.0,0.0,hi  june
0.0,0.0,0.0,0.0,0.0,0.0,429991567.0,0.0,see articl in iranica about him here
0.0,0.0,0.0,0.0,0.0,0.0,283847845.0,0.0,redirect talkjennif jone actress
0.0,0.0,0.0,0.0,0.0,0.0,541566376.0,0.0,handl them at the same time
0.0,0.0,0.0,0.0,0.0,0.0,660425289.0,0.0,first chang made i'm struggl to find a place to put flamboy in the lede  and the soapdish
0.0,0.0,0.0,0.0,0.0,0.0,324143143.0,0.0,hi mootro i repli on the articl discuss page ''''''
0.0,0.0,0.0,0.0,0.0,0.0,339270567.0,0.0,nanni the game what about the recent releas game httpwwwbigfishgamescomdownloadgamesnannyindexhtml should it be ad to thi page
-1.0,-1.0,0.0,-1.0,-1.0,-1.0,441326054.0,-1.0,anonmoo  do not listen to what thi one say it an idiot allreadi in troubl
0.0,0.0,0.0,0.0,0.0,0.0,312303864.0,0.0,joe hazelton
-1.0,0.0,0.0,0.0,0.0,0.0,51004511.0,0.0,from thewolfstar i did some research on the scarborough and lori klausuti situat i came up with some interest inform inde and have edit the arcticl accordingli it look like there is need for an investig but scarborough' part isn't what warrant the investig scarborough if i'm correct is the fall guy here pleas check these link onli a few that are avail httpwwwtomfloccocomfswidowquestionshtm httpwwwtruthoutorgdocsbklausutishtm httpwwwamericanpoliticscombakerhtml
0.0,0.0,0.0,0.0,0.0,0.0,91987547.0,0.0,thi is one of them
0.0,0.0,0.0,0.0,0.0,0.0,189043079.0,0.0,i didn't i borrow it from  son of the defend
0.0,0.0,0.0,0.0,0.0,0.0,54393205.0,0.0,by the way what do you think of thi one imagemakedonska kamenica flaggif
0.0,-1.0,0.0,0.0,0.0,0.0,456750671.0,0.0,talkback i don't know if you have watchlist me if ye then i don't need to leav tb
0.0,0.0,0.0,0.0,0.0,0.0,22837233.0,1.0,sourc doe anyon have a refer for where these statist come from page need renam thi page is a list of unit kingdom countri and english region by area it should be renam list of unit kingdom countri by area or list of unit kingdom region by area ani comment
1.0,1.0,0.0,1.0,1.0,1.0,372054156.0,1.0,thank for the pointer i'v ad a refer to the washington post will that do the job tyir
0.0,0.0,0.0,0.0,0.0,0.0,423376455.0,0.0,beacus of see share taxi and lanix for more exampl of thi user' style he appear cut away nearli all content and replac it with veri littl text broken up into veri small section he then place refer for everi singl sentenc litter the text with superscript we are left with a seriou of uninform bullet point and ton of use info is lost when the articl in question is of interest to other an edit war usual break out lanix with which i am not involv is current edit protect due to fleetham' deprad
0.0,0.0,0.0,0.0,0.0,0.0,480693010.0,0.0,redirect talkamericana game show
0.0,0.0,0.0,0.0,0.0,0.0,310398710.0,0.0,ok previou track more recent track
0.0,0.0,0.0,0.0,0.0,0.0,42328433.0,0.0,honda cb four
0.0,0.0,0.0,0.0,0.0,0.0,269630403.0,1.0,i may have accident remov a legitim edit my apolog i wa attempt to clean up multipl page which had been vandalis
0.0,0.0,0.0,0.0,0.0,0.0,81870526.0,0.0,guru or life  or a differ melchior
0.0,0.0,0.0,0.0,0.0,0.0,651858629.0,0.0,whi block whi you block me
0.0,0.0,0.0,0.0,0.0,0.0,333327568.0,0.0,dykdat decemb
0.0,0.0,0.0,0.0,0.0,0.0,60050714.0,0.0,for your bad behaviour
0.0,0.0,0.0,0.0,0.0,0.0,530037766.0,0.0,that show ha also been cancel or on hiatu in usa and due thi will probabl never air in latin america
0.0,0.0,0.0,0.0,0.0,0.0,685261514.0,0.0,imag format
0.0,0.0,0.0,0.0,0.0,0.0,241772859.0,0.0,and assign hi own name and opinion to thing and revert ani attempt to repair that
0.0,0.0,0.0,0.0,0.0,0.0,368675187.0,0.0,some should
0.0,0.0,0.0,0.0,0.0,0.0,638312133.0,0.0,battl of besanon
0.0,0.0,0.0,0.0,0.0,0.0,227657702.0,0.0,see also delus megalomania paranoia
0.0,0.0,0.0,0.0,0.0,0.0,554750667.0,0.0,there is a lot of bia on wikipedia see for exampl groupsgooglecomforumfromgroupstopicaltwikipediaozobniq
0.0,0.0,0.0,0.0,0.0,0.0,622057029.0,0.0,oh sorri my bad wasn't pay attent
0.0,0.0,0.0,0.0,0.0,0.0,515042125.0,0.0,redirect talkth master grand slam of curl
0.0,0.0,0.0,0.0,0.0,0.0,83387906.0,0.0,comment don't remov my comment from discuss page
0.0,0.0,0.0,0.0,0.0,0.0,335646974.0,0.0,januari
0.0,0.0,0.0,0.0,0.0,0.0,260804793.0,0.0,stylebackgroundredout
0.0,0.0,0.0,0.0,0.0,0.0,577456188.0,0.0,octob    jessielturn
0.0,0.0,0.0,0.0,0.0,0.0,565113266.0,0.0,cu rt mcardl beta cross x
0.0,0.0,0.0,0.0,0.0,0.0,146674124.0,0.0,just want to know
0.0,0.0,0.0,0.0,0.0,0.0,253151509.0,0.0,redirect creat greet ''''''
0.0,0.0,0.0,0.0,0.0,0.0,36986784.0,0.0,user at thi ip insist on put in a particular commerci link ha violat the rrr
0.0,0.0,0.0,0.0,0.0,0.0,42946172.0,0.0,einar stmo is in one of my book basic the journal of indoeuropean studi
0.0,0.0,0.0,0.0,0.0,0.0,487497149.0,0.0,april
0.0,0.0,0.0,0.0,0.0,0.0,351202049.0,0.0,wikipediaarticlesfordeletionisotopicallypurediamond for exampl
1.0,1.0,0.0,1.0,1.0,1.0,570824556.0,1.0,august   i'll tri to explain as simpli as possibl the imag to the right show approxim thi locat googl map link if one look at the map she will find that the road there is label ratchadamri not si lom the area is pathum wan district not bang rak where si lom is the build in the background are king chulalongkorn memori hospit not skyscrap on si lom road i hope i have establish that thi imag is inappropri for use in thi articl though of cours it could find proper use elsewher thank you
0.0,0.0,0.0,0.0,0.0,0.0,244522060.0,0.0,add comment below thi line
-1.0,0.0,0.0,0.0,0.0,0.0,409110608.0,0.0,jan wikileak leak the glaspi cabl so feel free to updat the articl here' a coupl wpr and hope the mainstream press will report it someday professor stephen walt analysi here jason dietz antiwarcom haaretz the actual cabl from glaspi etc
1.0,1.0,0.0,1.0,1.0,1.0,121676787.0,1.0,orphan fair use imag imagefreakumdressjpg thank for upload imagefreakumdressjpg the imag descript page current specifi that the imag is nonfre and may onli be use on wikipedia under a claim of fair use howev the imag is current orphan mean that it is not use in ani articl on wikipedia if the imag wa previous in an articl pleas go to the articl and see whi it wa remov you may add it back if you think that that will be use howev pleas note that imag for which a replac could be creat are not accept under fair use see our fair use polici if you have upload other unlicens media pleas check whether they'r use in ani articl or not you can find a list of 'image' page you have edit by click on the link it is locat at the veri top of ani wikipedia page when you are log in and then select imag from the dropdown box note that ani fair use imag not use in ani articl will be delet after seven day as describ on criteria for speedi delet thank you
0.0,0.0,0.0,0.0,0.0,0.0,155130092.0,0.0,akhristov talk contrib byte sock undo
0.0,0.0,0.0,0.0,0.0,0.0,263282196.0,0.0,sell star thi articl mention noth about organ that claim to sell star it should as they exist
0.0,0.0,0.0,0.0,0.0,0.0,233075468.0,0.0,contrari to your recommend
0.0,0.0,0.0,0.0,0.0,0.0,691143562.0,0.0,public domain sherpa calcul
0.0,0.0,0.0,0.0,0.0,0.0,90312018.0,0.0,paul wolfowitz jew america
0.0,0.0,0.0,0.0,0.0,0.0,597872759.0,0.0,i think it will be autumn for the uk when the episod come out
0.0,0.0,0.0,0.0,0.0,0.0,155951032.0,0.0,i guess sinc thi our thing
0.0,0.0,0.0,0.0,1.0,0.0,503156915.0,0.0,then i see there is no point discuss with you further or assum anyth you do is in good faith duli note
0.0,0.0,0.0,0.0,0.0,0.0,413821132.0,0.0,hi reddit hi reddit unknowntal
0.0,0.0,0.0,0.0,0.0,0.0,468321397.0,0.0,wikiproject new york citi
0.0,0.0,0.0,0.0,0.0,0.0,274936972.0,0.0,lista henk brad william
0.0,0.0,0.0,0.0,0.0,0.0,274457857.0,0.0,lista him finnish band
-1.0,0.0,0.0,0.0,0.0,0.0,279800930.0,1.0,tropic cyclon left out of the databas  i wa wonder can you show me ani system that look suspect i'v look at pictur of the septemb storm and i believ that it wa a hurrican john hope said someth about it when it happen the chc mention two possibl storm in the season that brush newfoundland there wa one also in that look as though it wa a full bird ts that pass off of newfoundland as well shearwat
0.0,0.0,0.0,0.0,0.0,0.0,381901861.0,0.0,redirect talkmik battl artist
-1.0,0.0,0.0,0.0,1.0,0.0,175809467.0,1.0,excus me mani previou editor includ fa review thought there had not been enough biograph info thi articl is not about hi public life alon which hasn't yet merit a separ articl other than legisl sponsor by ron paul nor about hi viabil as a candid see ron paul presidenti campaign thi is a biographi and hi privat life ought to be weight as fulli as reliabl sourc and blp permit i have not seen consensu anywher that anyone' famili should be constrain to name and categori and date it is also properli place in the articl where els would it go natur a success vibrant year marriag is an except claim fulli sourc of cours no hard feel but i will probabl revert much of thi later under bold revert discuss look forward to an interest discuss i also have anoth sourc for addit of thi if of cours you have ani reliabl sourc neg inform pleas state it neutral here
0.0,0.0,0.0,0.0,0.0,0.0,629647608.0,0.0,hillelfrei
0.0,0.0,0.0,0.0,0.0,0.0,292901370.0,0.0,redirect talkpuerto rico telephon
0.0,0.0,0.0,0.0,0.0,0.0,99960631.0,0.0,ernst stavro blofeldernst stavro blofeld  januari
0.0,0.0,0.0,0.0,0.0,0.0,175520653.0,0.0,i just sent her a remind
0.0,0.0,0.0,0.0,0.0,0.0,49411666.0,0.0,i ne to know arrrgghhh
0.0,0.0,0.0,0.0,0.0,0.0,634939715.0,0.0,doe thi page need to exist  from the citat onli one author ha refer to the period ha pax hispanica moreov the period of peac onli last year thi is not noteworthi is it should thi page delet
0.0,0.0,0.0,0.0,0.0,0.0,335377563.0,0.0,januari
0.0,0.0,0.0,0.0,0.0,0.0,672285153.0,0.0,low wikiproject scienc fiction classc import
0.0,0.0,0.0,0.0,0.0,0.0,220470389.0,0.0,httpwwwwwedailycomwpcontentuploadsnaughtymickiejpg isn't thi her
0.0,0.0,0.0,0.0,0.0,0.0,358226292.0,0.0,talkback
0.0,0.0,0.0,0.0,0.0,0.0,66201884.0,0.0,here' an empti one templateus australian english what to do with it
0.0,0.0,0.0,0.0,0.0,0.0,310610669.0,0.0,date august
0.0,0.0,0.0,0.0,0.0,0.0,556074566.0,0.0,answer i can't thi
0.0,0.0,0.0,0.0,0.0,0.0,368452297.0,0.0,redirect talkmitsubishi am zero
0.0,0.0,0.0,0.0,0.0,0.0,565563720.0,0.0,redirect talklist of socit de transport de montral bu rout
1.0,1.0,0.0,0.0,1.0,1.0,308957456.0,1.0,thank you for unblock me i feel a one month block without warn for repurposingrepost others' talk page comment on differ page which in my view wa just tri to keep discuss in one place on a product editor to be manifestli excess and i believ it should also be lift or substanti reduc
0.0,0.0,0.0,0.0,0.0,0.0,460022435.0,0.0,titchwel  the articl on titchwel ha got unreferenc text about the pub in the villag
-1.0,-1.0,0.0,0.0,-1.0,-1.0,259342186.0,-1.0,pleas stop idiot user j milburnwho is a pictur deletor vandal
-1.0,-1.0,0.0,-1.0,-1.0,-1.0,195819197.0,-1.0,so what idiot stop vanalis
0.0,0.0,0.0,0.0,0.0,0.0,195952888.0,0.0,the number plate  ha anyon ever 'fess up to be the owner of gnu
0.0,0.0,0.0,0.0,0.0,0.0,188483138.0,0.0,so i can never be unban
0.0,0.0,0.0,0.0,0.0,0.0,577228007.0,0.0,i saw the edit and i plan to provid more feedback within the next day
0.0,0.0,0.0,0.0,0.0,0.0,74318798.0,0.0,mainpag date to comeseptemb
1.0,1.0,0.0,1.0,0.0,1.0,565861107.0,1.0,hello could you pleas unblock the ip address so i can chang the usernam i did not realiz the conflict of interest between the usernam and page my purpos wa pure to updat the inform about the associ which is known in europ and is on wikipedia beacus it is an import organis within europ energi regul i understood all three question do you chang the usernam yourself or do i chang it thank you for your help
0.0,0.0,0.0,0.0,0.0,0.0,475453278.0,0.0,in the product section
0.0,0.0,0.0,0.0,0.0,0.0,197119490.0,0.0,appar so i didn't put the ref in i just sort out the field so what wa edit show properli
0.0,0.0,0.0,0.0,0.0,0.0,603474.0,0.0,here i cannot answer your question i did not write the abov it wa in the origin articl but toward the bottom given the organ of the articl such as it is i thought thi kind of inform belong earlier so i move it up i do recal biologist use the word locu when refer to allel so i didn't question the choic of word but as i say i did not write thi
0.0,0.0,0.0,0.0,0.0,0.0,670536099.0,0.0,redirect talkal india institut of medic scienc raipur
0.0,0.0,0.0,0.0,0.0,0.0,517254018.0,0.0,result kkeep
0.0,0.0,0.0,0.0,0.0,0.0,126399126.0,0.0,wikipediaextend imag syntax
1.0,1.0,0.0,1.0,1.0,1.0,33743934.0,1.0,my mistak about attribut you to the lenin comment i cross off your name i am sorri i apolog for the confus and am glad that you have a user name now so we can talk togeth easier about possibl improv and expans in the articl thank for your work
0.0,0.0,0.0,0.0,0.0,0.0,440467249.0,0.0,redirect talkmm winchest short magnum
0.0,0.0,0.0,0.0,0.0,0.0,474226731.0,0.0,can you pleas stop block me ninjaong  aka ong ning jia
0.0,0.0,0.0,0.0,0.0,0.0,430160785.0,0.0,the autom system detect my edit as vandal when i wa just ad to the articl
0.0,0.0,0.0,0.0,-1.0,0.0,467595792.0,0.0,stylebackgroundcolor fdffe border px solid fceb rowspan styleverticalalign middl pad px  stylefonts xlarg pad px px px height em merri christma styleverticalalign middl pad px and from me a happi nsw xma bush xma from us all down here in oz damn should have x expand that for thi xmasi there still time i wonder
0.0,0.0,0.0,0.0,0.0,0.0,206371918.0,0.0,who were the other two editor
0.0,0.0,0.0,0.0,0.0,0.0,468857710.0,0.0,unfortun i am not yet establish user
0.0,0.0,0.0,0.0,0.0,0.0,120765083.0,0.0,wikipediamiscellani for deletioneast bradford
0.0,0.0,0.0,0.0,0.0,0.0,457343152.0,0.0,redirect talkgauntlet ne video game
0.0,0.0,0.0,0.0,0.0,0.0,23636997.0,0.0,popup tool  popup
1.0,0.0,0.0,0.0,1.0,0.0,645954908.0,1.0,artlov citizen  i agre with your remov here and sinc you ask so mani thought question in the edit summari i thought i'd answer them for you that claim is taken directli from the met' own histori here which is one of the sourc for the articl good remov regardless
0.0,0.0,0.0,0.0,0.0,0.0,84693761.0,0.0,did rr  mr connolli as a result of report me you block me last time for rrnow i like to see you block becaus he did rr on afghanistan' articl
0.0,0.0,0.0,0.0,0.0,0.0,598048250.0,0.0,partli done ''''''   march
0.0,0.0,0.0,0.0,0.0,0.0,222541903.0,0.0,unblock''what did i do
1.0,1.0,0.0,0.0,0.0,0.0,451250391.0,1.0,pleas don't be discourag you are do fine write to me here like thi is veri good  the best idea is to find lot and lot of websit that talk about the forum add them like thi to your articl httpwwwexamplecom write to me again when you finish that and i will see if it' okay
0.0,0.0,0.0,0.0,0.0,0.0,272296035.0,0.0,ye it seem like oldladi like to critis peopl edit without merit
0.0,0.0,0.0,0.0,0.0,0.0,37940083.0,0.0,i lie no help reqir i can do it myself goodby
0.0,0.0,0.0,0.0,0.0,0.0,208642827.0,0.0,minut seoncd nanosecond
0.0,0.0,0.0,0.0,0.0,0.0,76108533.0,0.0,messhermit is ban messhermit ha been ban from edit alberto fujimori
0.0,0.0,0.0,0.0,0.0,0.0,79019778.0,0.0,my ip address is   whoi block user  block log
0.0,0.0,0.0,0.0,0.0,0.0,24741691.0,0.0,he alway is
0.0,0.0,0.0,0.0,0.0,0.0,15477703.0,0.0,y o  g u y s m y  n a m e  i s  h a n a t a r a s h wwwcomgemtk                    wwwmyforumconr
0.0,0.0,0.0,0.0,0.0,0.0,84546904.0,0.0,bruce campbel
0.0,0.0,0.0,0.0,0.0,0.0,289665261.0,0.0,mp' expens row former titl
0.0,0.0,0.0,0.0,0.0,0.0,639451303.0,0.0,chang
0.0,0.0,0.0,0.0,0.0,0.0,324208165.0,0.0,that wa the most minor observ on the page a minor find in one survey you need to do better then that
0.0,0.0,0.0,0.0,0.0,0.0,451181078.0,0.0,septemb
0.0,0.0,0.0,0.0,0.0,0.0,601332382.0,0.0,mercedesbenz o citaro batch lifespan expiri date classtoccolour border cellpad stylebordercollapsecollaps bgcolord lifespan expiri date registr no  apr sbsl sbsj  may sbsg sbsz  may sbsx sbsr  may sbsm sbsu  may sbss  jun sbsp sbst  jun sbsr sbsh  jun sbse sbsp  jun sbsl sbsd  jun sbsb sbst  jun sbsm sbsh  jun sbse sbsa sbss  jul sbsr sbsc sbsp sbsj  jul sbsg  jul sbsd sbst sbsk  jul sbsm sbsh sbsc  aug sbsa sbsu sbss  aug sbsr sbsk sbsc  aug sbsa sbss  aug sbsi sbsp sbst sbse  aug sbsp sbsz  sep sbsx sbst sbsm sbsh  sep sbsc sbsg sbsb sbsz sbst sbsk sbsh  oct sbsr sbsc sbss sbsg sbsx  oct sbse sbsp sbst sbsm sbsu  oct sbsr sbsl sbsj sbsh  oct sbsk sbse sbsa sbsp sbsg  nov sbss sbsl sbsj sbsb sbsz sbsr  nov sbsx sbsr sbsd sbsm sbsk  nov sbsx sbse sbsa  nov sbsh sbsi  dec sbsm sbsu sbss  dec sbsd  jan sbsj sbsd  feb sbsm sbsh  feb sbsl sbsg sbst  feb sbsb sbsr sbse  feb sbsa sbsu sbsp  feb sbsx sbsc sbsl  feb sbsz sbss sbsd sbsz  feb sbsx sbsr sbsm sbsp  mar sbsb sbst sbse sbsa  mar sbsi sbsu  mar sbss sbsl sbsg sbsb  mar sbsh sbsj sbst sbsm  apr sbsx sbsk sbse sbsc sbsi sbsz  apr sbsa sbsx sbsr  apr sbsk sbse sbsi sbsu sbsp sbsg sbsb sbsm  may sbsm  may sbsd sbsz sbst  may sbsc sbsr sbsk sbsa  may sbss sbsl sbsj sbsi  may sbse sbsa  may sbsd sbsb sbsx sbsr  may sbsk sbsu sbsb  may sbsu sbsj  jun sbsg sbss sbsl sbsx  jun sbsz sbsx sbsk sbsh sbsu sbss sbsg  jun sbsh sbsp  jun sbsd sbsz sbst  aug sbsr  mercedesbenz o citaro bsep batch lifespan expiri date classtoccolour border cellpad stylebordercollapsecollaps bgcolord lifespan exp
1.0,1.0,0.0,1.0,1.0,1.0,258264681.0,1.0,welcom hello and welcom to wikipedia thank you for i hope you like the place and decid to stay here are some page that you might find help the five pillar of wikipedia tutori how to edit a page how to write a great articl manual of style i hope you enjoy edit here and be a wikipedian pleas sign your messag on discuss page use four tild thi will automat insert your usernam and the date if you need help check out wikipediaquest ask me on or ask your question on thi page and then place helpm befor the question again welcom
0.0,0.0,0.0,0.0,0.0,0.0,168549602.0,0.0,i know now 'seven minut
0.0,0.0,0.0,0.0,0.0,0.0,176794268.0,0.0,decemb
0.0,0.0,0.0,0.0,0.0,0.0,244608563.0,0.0,championship sswikit styletextaligncent season winner runnerup playoff winner birmingham citysheffield unit liverpoolbirmingham citi burynott counti liverpool manchest citi nott countymanchest unit burnleynewcastl unit manchest cityglossop north end sheffield wednesdaybolton wander grimsbi townbirmingham citi west bromwich albionmiddlesbrough manchest citi birmingham citi preston north endarsen liverpool bolton wander bristol cityman unit nottingham forestchelsea bradford cityleicest citi bolton wandererstottenham hotspur manchest citi oldham athlet west bromwich albion bolton wander derbi countychelsea preston north end burnley nott counti bradford park avenu derbi counti preston north end leagu suspend due to world war i tottenham hotspurhuddersfield town birmingham citi cardiff citi nottingham forest stoke citi nott counti west ham unit leed unitedburi leicest citymanchest unit sheffield wednesday derbi counti middlesbroughportsmouth manchest citi leed unit middlesbrough grimsbi town blackpoolchelsea evertonwest bromwich albion wolverhampton wanderersle unit stoke citytottenham hotspur grimsbi town preston north end brentfordbolton wander manchest unitedcharlton athlet
0.0,0.0,0.0,0.0,0.0,0.0,47809512.0,0.0,quot section doe thi part realli belong
0.0,0.0,0.0,0.0,0.0,0.0,649197643.0,0.0,redirect talkcatanduan state univers
0.0,0.0,0.0,0.0,0.0,0.0,318189076.0,0.0,ie i won't give up
0.0,0.0,0.0,0.0,0.0,0.0,15006305.0,0.0,to quot the articl it wa onc known as the british commonwealth or british commonwealth of nation and mani still call it by that name either for histor reason or to distinguish it from the mani other commonwealth around the world the section origin is of relev to wwii link but most of the rest of the articl is post world war ii therefor the direct link to empir and dominion are more use in wwii articl and just as accur if not more so than the link to commonwealth
0.0,0.0,0.0,0.0,0.0,0.0,269773273.0,0.0,also much of what he ha written may well be relev for the us antitrust page as i say he is not interest in improv the encyclopedia onli trash anyth that doesn't conform with the view of hi employ
0.0,0.0,0.0,0.0,0.0,0.0,210301697.0,0.0,click here to leav me a new messag
0.0,0.0,0.0,0.0,0.0,0.0,634800204.0,0.0,creat talk page nov
0.0,0.0,0.0,0.0,0.0,0.0,238408919.0,0.0,httpwwwkfsmcomglobalstoryasp tree fall on mobil home near fisher ar
0.0,0.0,0.0,0.0,0.0,0.0,547022029.0,0.0,ship on grass  what is actual be depict in  is there a river or someth past the grass or is photoshop involv
0.0,0.0,0.0,0.0,0.0,0.0,461928485.0,0.0,tebriz  in turkish
0.0,0.0,0.0,0.0,0.0,0.0,33842393.0,0.0,need refer no sourc unref tag ad
0.0,0.0,0.0,0.0,0.0,0.0,541297022.0,0.0,import low madagascarimport low
0.0,0.0,0.0,0.0,0.0,0.0,550733105.0,0.0,or in other wikipedia articl
0.0,0.0,0.0,0.0,0.0,0.0,676049904.0,0.0,ania abdullah born on octob
0.0,0.0,0.0,0.0,0.0,0.0,307605987.0,0.0,attent peerreview oldpeerreview imageneed needsinfobox
1.0,1.0,0.0,1.0,1.0,1.0,294325026.0,1.0,thank for the edit summari and the note that make it much easier for everyon to understand the reason and improv the articl where need thank
0.0,0.0,0.0,0.0,0.0,0.0,367573334.0,0.0,templateuwvand
0.0,0.0,0.0,0.0,0.0,0.0,170566583.0,0.0,ha been remedi in the meantim
0.0,0.0,0.0,0.0,0.0,0.0,374873526.0,0.0,the dyk is all your
0.0,0.0,0.0,0.0,0.0,0.0,158946190.0,0.0,chang van der gragt in gragt frit van der ibid ad second dutch sourc of htm lrv nlgtl borgdorff ingda  ploeger llm mrdrhd the hagu netherland  htv associ about hagu articul tram type gtl
0.0,0.0,0.0,0.0,0.0,0.0,513664836.0,0.0,talkback  ''''''''''
0.0,0.0,0.0,0.0,0.0,0.0,691981012.0,0.0,the amount of code for
0.0,0.0,0.0,0.0,0.0,0.0,458940242.0,0.0,talkback   email
-1.0,-1.0,0.0,0.0,-1.0,-1.0,220095826.0,-1.0,you are a joke as well i thought thi wa uncivi person attack against me don't bother argu with clich onlin he' a delusion and hypocrit fanboy so whi are you post on my talk page instead of hi i think you'r an idiot just like them
1.0,1.0,0.0,1.0,1.0,1.0,52139612.0,1.0,thank you for experi with the page christian on wikipedia your test work and ha been revert or remov pleas use the sandbox for ani other test you want to do take a look at the welcom page if you would like to learn more about contribut to our encyclopedia
0.0,0.0,0.0,0.0,0.0,0.0,367558585.0,0.0,at wikipediaarticl for delet ghallooghaaraa
0.0,0.0,0.0,0.0,0.0,0.0,641680099.0,0.0,redirect talkunit state v progress incarch
0.0,0.0,0.0,0.0,0.0,0.0,660111292.0,0.0,geotechdatainfo well if they keep do it there is alway the spam blacklist
0.0,0.0,0.0,0.0,0.0,0.0,259312299.0,0.0,speedi keep novemb
0.0,0.0,0.0,0.0,0.0,0.0,140343415.0,0.0,redirect talklist of notabl hispan american
0.0,0.0,0.0,0.0,0.0,0.0,65365917.0,0.0,is thi person relat to thi site httpstuartjmooregooglepagescom can anyon pleas tell me httppramodgooglepagescom also check out thi link httpstuartjmooregooglepagescomgpainthtml
0.0,0.0,0.0,0.0,0.0,0.0,155737193.0,1.0,ugh  first off befor we start a edit war that will probabl leav us block and or a long period of page protect i would like say that we should discuss thi there is a section on the wpdbz talk page that i have set up for thi purpos
0.0,0.0,0.0,0.0,0.0,0.0,580640117.0,0.0,so what did it say
0.0,0.0,0.0,0.0,0.0,0.0,222764463.0,0.0,redirect talkwork peopl talk about what they do all day and how they feel about what they do
0.0,0.0,0.0,0.0,0.0,0.0,28794264.0,0.0,hello   dagrad vinkel degrad endegre disambigu esgrado frdegr homonymi hufok itgrado ja simpledegre
0.0,0.0,0.0,0.0,0.0,0.0,380348704.0,0.0,stylefonts smaller classautosignedpreced unsign comment ad by
0.0,0.0,0.0,0.0,0.0,0.0,232602889.0,0.0,august   stop whi
-1.0,-1.0,0.0,-1.0,-1.0,-1.0,120150605.0,-2.0,fuck you you fuck faggot thi is sean mc sean you motherfuck block me for a long time
0.0,0.0,0.0,0.0,0.0,0.0,60251505.0,0.0,what were talk about
0.0,0.0,0.0,0.0,0.0,0.0,220459628.0,0.0,redirect talkth stori of perrin
0.0,0.0,0.0,0.0,0.0,0.0,468777987.0,0.0,decemb   hey have you seen it yet
0.0,0.0,0.0,0.0,0.0,0.0,72674597.0,0.0,peopl use for simplif reason
0.0,0.0,0.0,0.0,0.0,0.0,290582621.0,0.0,see wikipediasockpuppet investigationsskipsievert
0.0,0.0,0.0,0.0,0.0,0.0,595529586.0,0.0,talkback
0.0,0.0,0.0,0.0,0.0,0.0,469405508.0,0.0,connect contributorwwb toowwb tooeditedhereno
0.0,0.0,0.0,0.0,0.0,0.0,666417825.0,0.0,fatsuit  wa anthoni hopkin wear a fatsuit for thi movi
0.0,0.0,0.0,0.0,0.0,0.0,335117975.0,0.0,sure  am today
0.0,0.0,0.0,0.0,0.0,0.0,653224561.0,0.0,the same regim in essenc
0.0,0.0,0.0,0.0,0.0,0.0,368287478.0,0.0,for a play make fun of you
0.0,0.0,0.0,0.0,0.0,0.0,389312103.0,0.0,octob
0.0,0.0,0.0,0.0,0.0,0.0,392077157.0,0.0,which ha no place here
0.0,0.0,0.0,0.0,0.0,0.0,330968976.0,0.0,tan what have i done wrong
0.0,0.0,0.0,0.0,0.0,0.0,94759081.0,0.0,classinfobox width aligncent  archiv  aligncent
0.0,0.0,0.0,0.0,0.0,0.0,147428690.0,0.0,juli   on the page is talk
0.0,0.0,0.0,0.0,0.0,0.0,402022518.0,0.0,hello  you have new messag on 's page
0.0,0.0,0.0,0.0,0.0,0.0,651876090.0,0.0,march
0.0,0.0,0.0,0.0,0.0,0.0,424829664.0,0.0,i also found it digit on googl book so you can take a look for yourself page last paragraph httpbooksgooglecombooksidcrvzygitkcprintsecfrontcoverdqisbnsourceblotsjqitramaozsigtasvzclbmjkgpzvgyqljmehleneisttcfdstgqenjdcwsaxoibookresultctresultresnumvedccmqaewaavonepageqffals
1.0,1.0,0.0,1.0,1.0,1.0,61967048.0,1.0,thank you for experi with wikipedia your test work and it ha been revert or remov pleas use the sandbox for ani other test you want to do take a look at the welcom page if you would like to learn more about contribut to our encyclopedia
0.0,0.0,0.0,0.0,0.0,0.0,432420435.0,0.0,redirect talk mexican primera divisin season
1.0,0.0,0.0,0.0,0.0,0.0,378746064.0,0.0,i hope lot of thing   tabtoken
0.0,0.0,0.0,0.0,0.0,0.0,57992892.0,0.0,manual of style chinarel articl
0.0,1.0,0.0,0.0,1.0,0.0,358274612.0,1.0,good contrast and gener nice imag but onli b sharp mm b
0.0,0.0,0.0,0.0,0.0,0.0,505304284.0,0.0,some stroopwafel for you  stylebackgroundcolor fdffe border px solid fceb styleverticalalign middl pad px  styleverticalalign middl pad px d enjoy
0.0,0.0,0.0,0.0,0.0,0.0,138784377.0,0.0,fact tag  pleas don't remov fact tag from the articl request for citat must be met with citat not remov
0.0,0.0,0.0,0.0,0.0,0.0,261232850.0,0.0,as my talk page histori show annoy me is a quick way to get insult
0.0,0.0,0.0,0.0,0.0,0.0,111901387.0,0.0,facfailedel greco withdrawn
0.0,0.0,0.0,0.0,0.0,0.0,205024911.0,0.0,and you have an email
-1.0,-1.0,0.0,-1.0,-1.0,-1.0,387641925.0,-1.0,noth person georg but you realli are a stupid turd
0.0,0.0,0.0,0.0,0.0,0.0,33735388.0,0.0,cursorhelp ''
0.0,0.0,0.0,0.0,0.0,0.0,389671249.0,0.0,nope  certainli not
0.0,0.0,0.0,0.0,0.0,0.0,80804716.0,0.0,the august issu
0.0,0.0,0.0,0.0,0.0,0.0,511358549.0,0.0,or discuss talk
0.0,0.0,0.0,0.0,0.0,0.0,402411090.0,0.0,the account to which thi user talk page belong ha been renam to
0.0,0.0,0.0,0.0,0.0,0.0,68918156.0,0.0,and rick davi sing the ooh' in the outro to goodby stranger
0.0,0.0,0.0,0.0,0.0,0.0,110828657.0,0.0,board celebr deathmatch
0.0,0.0,0.0,0.0,0.0,0.0,88348561.0,1.0,it' no problem i figur it wa just a misunderstand and i'm glad i could help clear it up happi edit
0.0,0.0,0.0,0.0,0.0,0.0,412917182.0,0.0,further repli on my talk page
0.0,0.0,0.0,0.0,0.0,0.0,166810691.0,0.0,user talkfnlaysonarch archiv page
0.0,0.0,0.0,0.0,0.0,0.0,63961944.0,0.0,mayb the same bot will probal be updat them one way or the other
0.0,0.0,0.0,0.0,0.0,0.0,177821289.0,-1.0,stop stop delet my comment u coward
0.0,0.0,0.0,0.0,0.0,0.0,443841192.0,0.0,s kamen rider ronhjon
0.0,0.0,0.0,0.0,0.0,0.0,118953937.0,0.0,add a comment here cellspac cellpad stylemarginbottom em nofloat left marginright em pad em em em backgroundcolor transpar
0.0,0.0,0.0,0.0,0.0,0.0,591775030.0,0.0,multipl wikipedia account and seem to be edit the same subject matter and push the same name chang by and larg if thi is one user i believ you are limit to use one account i do not know if thi is one user i have not brought thi up to a wpadministr yet and bring it up so that you can address it yourself if it need to be address
0.0,0.0,0.0,0.0,0.0,0.0,609207670.0,0.0,repli on your talk page
0.0,0.0,0.0,0.0,0.0,0.0,343503049.0,0.0,i am pretti sure i wa notifi of the discuss there becaus i am allow to place input just as you are or are you further tri to devalu ani input place by an anonym user inquir mind all that oh i correct your grammar aswel you'r welcom
0.0,0.0,0.0,0.0,0.0,0.0,283937116.0,0.0,redirect talkel sper clsico mexico
0.0,0.0,0.0,0.0,0.0,0.0,216859049.0,0.0,redirect talklist of award confer on lata mangeshkar
0.0,0.0,0.0,0.0,0.0,0.0,509445773.0,0.0,give peac a chanc grey' anatomi
0.0,0.0,0.0,0.0,0.0,0.0,222874591.0,0.0,recent talk page comment have a look at wpcivil
0.0,0.0,0.0,0.0,0.0,0.0,33491877.0,0.0,januari
0.0,0.0,0.0,0.0,0.0,0.0,181461036.0,1.0,to the close admin i believ that if you read care you will find that there are a great mani peopl and sourc who declar water board to be tortur i fulli accept that thi is true mani perhap most think so  i would encourag you also to recogn that there is a notabl and signific minor who disagre and in some case they have explain reason for thi in some case they have not
0.0,0.0,0.0,0.0,0.0,0.0,611947830.0,-1.0,pukata dishoom bipolar asslowclass sob
0.0,0.0,0.0,0.0,0.0,0.0,687899437.0,0.0,wikiproject travel and tourism
0.0,0.0,0.0,0.0,0.0,0.0,334159983.0,0.0,here here and here
0.0,0.0,0.0,0.0,0.0,0.0,79918000.0,0.0,or a section in seat of govern
0.0,0.0,0.0,0.0,0.0,0.0,499112452.0,0.0,how' my drive
0.0,0.0,0.0,0.0,0.0,0.0,571550894.0,0.0,someth steven kinzer himself ha state
0.0,0.0,0.0,0.0,0.0,0.0,332449633.0,0.0,whi don't you do it
0.0,0.0,0.0,0.0,0.0,0.0,108608809.0,0.0,can we view the ratio as
0.0,0.0,0.0,0.0,0.0,0.0,49121049.0,0.0,the differ is trivial
0.0,0.0,0.0,0.0,0.0,0.0,527004.0,0.0,is someth like managingurbanamerica go to be a problem  dec
0.0,0.0,0.0,0.0,0.0,0.0,213598769.0,0.0,imag imag imag imag imag imag imag imag imag imag imag imag imag imag imag imag imag imag imag imag imag
0.0,0.0,0.0,0.0,0.0,0.0,481877836.0,0.0,english wikipedia
0.0,0.0,0.0,0.0,0.0,0.0,362447705.0,0.0,redirect talklif as we know it tv show
0.0,0.0,0.0,0.0,0.0,0.0,30456849.0,0.0,'s too easi to be bias as describ in wikipediavan guidelin
0.0,0.0,0.0,0.0,0.0,0.0,388018551.0,0.0,you should sign by type tild
0.0,0.0,0.0,0.0,0.0,0.0,102119418.0,0.0,benten  januari
0.0,0.0,0.0,0.0,0.0,0.0,258128789.0,0.0,re the abov waaaaaaaaaaaaah
0.0,0.0,0.0,0.0,0.0,0.0,205863250.0,0.0,scientizzl you'r from oregon you'r a graduat student at ohsu i know who you are
0.0,0.0,0.0,0.0,0.0,0.0,274678670.0,0.0,lista elliott andrew charl
0.0,0.0,0.0,0.0,0.0,0.0,86900437.0,0.0,i'm not go to contest it further my main reason for get involv wa to remov the uneduc bit
0.0,0.0,0.0,0.0,0.0,0.0,58694334.0,0.0,el benderson  june
0.0,0.0,0.0,0.0,0.0,0.0,217883811.0,-1.0,who care the janjawe are just a bunch of murder anyway
0.0,0.0,0.0,0.0,0.0,0.0,70658409.0,0.0,bot are comput program in order to creat one you need to write it
0.0,0.0,0.0,0.0,0.0,0.0,71485946.0,0.0,httpenwikipediaorgwindexphptitlegujaratviolencefrevisiondiffoldid last edit
0.0,0.0,0.0,0.0,0.0,0.0,179812634.0,0.0,archiv  archiv  novemb  februari link archiv  februari  april link archiv  april  august link archiv  august  novemb link
1.0,1.0,0.0,0.0,1.0,1.0,526127757.0,0.0,quit edit back stuff that you know noth about you obvious know noth about russellvil ar so quit chang my stuff and everyth will be fine thank
0.0,0.0,0.0,0.0,0.0,0.0,43647277.0,0.0,is it still a stub
0.0,0.0,0.0,0.0,0.0,0.0,41057613.0,0.0,of the administr
0.0,0.0,0.0,0.0,0.0,0.0,343867372.0,0.0,us state segment on sovereignti
0.0,0.0,0.0,0.0,0.0,0.0,376999692.0,0.0,the regist is a tabloid   tabtoken
0.0,0.0,0.0,0.0,0.0,0.0,174561203.0,0.0,i ad the concreteencas high school girl murder case
0.0,0.0,0.0,0.0,0.0,0.0,241719368.0,0.0,through the fourth wall
0.0,0.0,0.0,0.0,0.0,0.0,545083101.0,0.0,edit request on march
0.0,0.0,0.0,0.0,0.0,0.0,96229015.0,0.0,decemb   look for mediat commiss i see no compromis from you i found you total bias look for blame polish nation andrew
0.0,0.0,0.0,0.0,0.0,0.0,209554361.0,0.0,we have our eye on you
0.0,0.0,0.0,0.0,0.0,0.0,128836549.0,0.0,no i never heard anyth from him
0.0,0.0,0.0,0.0,0.0,0.0,295100659.0,0.0,leonard leopard leotard lemur leopard allig
1.0,1.0,0.0,0.0,0.0,0.0,122748067.0,1.0,thank you for the answer but also the librari of congress say the same and albanian consid themselv descend of illyrian the illyrian origin is mainli oppos by nationalist in the neighbour countri like serbia and greec they say albanian are not descend of illyrian in order to justifi the war and land disput
0.0,0.0,0.0,0.0,0.0,0.0,668487791.0,0.0,parodi account  httpsenwikipediaorgwindexphptitleuserreapedeternallyactioneditredlink
1.0,0.0,0.0,0.0,0.0,0.0,506761689.0,1.0,also do not add pixel size to thumbnail imag thi allow the set in a user' prefer to determin the size at which the pictur is display if you have ani question pleas don't hesit to ask
0.0,0.0,0.0,0.0,0.0,0.0,173140437.0,0.0,answer would help
0.0,0.0,0.0,0.0,0.0,0.0,512524781.0,0.0,talkback septemb
0.0,0.0,0.0,1.0,1.0,0.0,530728019.0,1.0,whi thank you mr penguin you flatter me re the guild i think i can achiev more at the coalfac happi new year to you too i hope your review and edit go smoothli cheer
0.0,0.0,0.0,0.0,0.0,0.0,626105234.0,0.0,preced unsign comment ad by
0.0,0.0,0.0,0.0,0.0,0.0,297832791.0,0.0,skater chick skater chick
0.0,0.0,0.0,0.0,0.0,0.0,120673261.0,0.0,is billi hatcher a sonic charact becaus after all sonic and some of hi friend appear in the game
0.0,0.0,0.0,0.0,0.0,0.0,664534990.0,0.0,actiongtc actiond actionlinkwikipediafeatur topic candidatesparaski classificationarch actionresultpromot ftnameparaski classif
0.0,0.0,0.0,0.0,0.0,0.0,256130677.0,0.0,archiv septemb  decemb
0.0,0.0,0.0,0.0,0.0,0.0,303014662.0,0.0,barn         au
0.0,0.0,0.0,0.0,0.0,0.0,200163543.0,0.0,theri repli are link
0.0,0.0,0.0,0.0,0.0,0.0,9623591.0,0.0,jan
0.0,0.0,0.0,0.0,0.0,0.0,72920563.0,0.0,wat up mat can u see thi
0.0,0.0,0.0,0.0,0.0,0.0,274577966.0,0.0,sorri it is at the end of the lull section i remov the last section
0.0,0.0,0.0,0.0,0.0,0.0,426633552.0,0.0,you need to read wprr
0.0,0.0,0.0,0.0,0.0,0.0,193423396.0,0.0,februari
0.0,0.0,0.0,0.0,0.0,0.0,58456783.0,0.0,tawkerbottawkerbot  june
0.0,0.0,0.0,0.0,0.0,0.0,668062373.0,0.0,the coen brother the last two specif for the flawless ambianc they creat in their film
0.0,0.0,0.0,0.0,0.0,0.0,65339641.0,0.0,to remov content from wikipedia
0.0,0.0,0.0,0.0,0.0,0.0,568409644.0,0.0,my newslett go here
0.0,0.0,0.0,0.0,0.0,0.0,693603090.0,0.0,tri read thi wpimo
0.0,0.0,0.0,0.0,0.0,0.0,693172874.0,0.0,sourc were point out by ghatu himself
0.0,0.0,0.0,0.0,0.0,0.0,611326646.0,0.0,urev  april mxocrossiib talk contrib  byte  undo cur prev  april davey talk contrib  byte  ntil
0.0,0.0,0.0,0.0,0.0,0.0,684390016.0,0.0,redirect talkalong the road song
0.0,0.0,0.0,0.0,0.0,0.0,31619535.0,0.0,the conclus section wa blatantli pov and more like an essay than an encyclopedia articl it containt sever instanc of i think and given a my opinion is x remov
0.0,0.0,0.0,0.0,0.0,0.0,437893045.0,0.0,someday someon will understand who' right and who' left eod
1.0,1.0,0.0,1.0,1.0,1.0,404645350.0,1.0,thank i'll be sure to check out that project page i'm just someon interest in thi field i'm an avid reader of mani legal blog which brought me here through post about wikipedia specif these post and  i look forward with work with you to expand suprem court articl and write new one i appreci your help so far
0.0,0.0,0.0,0.0,0.0,0.0,126688637.0,0.0,classstart importancehigh
0.0,0.0,0.0,0.0,0.0,0.0,669229865.0,0.0,redirect talkwxw tag team championship
0.0,0.0,0.0,0.0,0.0,0.0,249980090.0,0.0,what happen at the st lawsuit
0.0,0.0,0.0,0.0,0.0,0.0,70198560.0,0.0,appear in the wikipedia
0.0,0.0,0.0,0.0,0.0,0.0,237586625.0,0.0,and after
0.0,0.0,0.0,0.0,0.0,0.0,303279050.0,0.0,redirect talkairport biman bandar railway station
0.0,0.0,0.0,0.0,0.0,0.0,336907603.0,0.0,shakespear sisrer fan site
0.0,0.0,0.0,0.0,0.0,0.0,678181423.0,0.0,redirect talknxt takeov seri
0.0,0.0,0.0,0.0,0.0,0.0,45831031.0,0.0,i'm not sure if agre with you on all of thi he just made thi edit right after you brought thi up and i'm pretti sure he' watch thi page pretti care like i said there seem to be a doublestandard here unless some seriou reform are made to chang the way disput are handl here i doubt ani seriou editor would be will to stay for long the rule should be precis and enforc without discrimin
0.0,0.0,0.0,0.0,0.0,0.0,234726747.0,0.0,edinburgh one of europe' main financi center edinburgh is not even the most econom domin citi in scotland that goe to glasgow  and sure citi in england like liverpool and well london itself are much more import financi center then let compar edinburgh to actual european juggernaut of amsterdam pari frankfurt milan and madrid to be frank who is looni enough to believ thi blantantli erron assert i don't care what sourc wa cite it is just common sens
0.0,0.0,0.0,0.0,0.0,0.0,530741328.0,0.0,day block for editwar
0.0,0.0,0.0,0.0,0.0,0.0,303132523.0,0.0,juli
0.0,0.0,0.0,0.0,0.0,0.0,255604127.0,0.0,so mani are insist
0.0,0.0,0.0,0.0,0.0,0.0,88304846.0,0.0,nicol richi relat  is it true that nicol richi and christi hemm are relat i mean they look so much alik
0.0,0.0,0.0,0.0,0.0,0.0,132705212.0,0.0,i simpli redirect there wa noth to be save
0.0,0.0,0.0,0.0,0.0,0.0,471633927.0,0.0,muddi the water and
0.0,0.0,0.0,0.0,0.0,0.0,74099079.0,0.0,in the asia time forum
-1.0,-1.0,0.0,0.0,-1.0,-1.0,696920504.0,-1.0,you report me for noth and that kew garden guy is also gonna get block too dumb dumb
0.0,0.0,0.0,0.0,0.0,0.0,590833063.0,0.0,ref httpenwikipediaorgwikifilebrasswinjpg
-1.0,-1.0,0.0,-1.0,-1.0,-1.0,355040219.0,-2.0,you cunt go fuck yourself you piec of shit don't make me tea beg your mama you faggot
0.0,0.0,0.0,0.0,0.0,0.0,264830835.0,0.0,bismuth nanotub graphin
0.0,0.0,0.0,0.0,0.0,0.0,380774028.0,0.0,well it a weekli standard articl so probabl to be expect
0.0,0.0,0.0,0.0,0.0,0.0,484272187.0,0.0,a cooki for you  stylebackgroundcolor fdffe border px solid fceb styleverticalalign middl pad px  styleverticalalign middl pad px a cooki for you
-1.0,0.0,0.0,0.0,0.0,0.0,215825575.0,0.0,wow could you be more vagu
0.0,0.0,0.0,0.0,0.0,0.0,70161831.0,0.0,the sound voic and video
0.0,0.0,0.0,0.0,0.0,0.0,138394211.0,0.0,the 's over year ago that wa the norm but in the normal is to use the hebrew name and to write them in full
0.0,0.0,0.0,0.0,0.0,0.0,102559556.0,0.0,i'm a wikininja
1.0,1.0,0.0,1.0,1.0,1.0,270567942.0,1.0,thank for clarifi michig i'm not annoy now i'd just read a seri of sloppi articl and wa frustrat when i wrote that it' all veri clear now thank again and thank for do the page
0.0,0.0,0.0,0.0,0.0,0.0,304584403.0,0.0,juli
0.0,0.0,0.0,0.0,0.0,0.0,337311681.0,0.0,british pound sterl and not egyptian
0.0,0.0,0.0,0.0,0.0,0.0,249111133.0,0.0,ah ye i can't believ i forgot that crucial step i see that ha got too it though and remov the tag for me
-1.0,-1.0,0.0,-1.0,-1.0,-1.0,14331005.0,-1.0,survey say chant fox is idiot you peopl are to be held at a higher level and should just block some one and not make smart ass nazi comment you peopl just delet what you dont like mostli thing that make you look stupid and you peopl wouldn't stand a chanc on an unedit format georg w bush is one of the greatist presid ever
0.0,0.0,0.0,0.0,0.0,0.0,12211711.0,0.0,from ilana of konel
